algorithm,seed,episode,environment_steps,learner_updates,train_mean_return_window,train_win_rate_window,eval_mean_return,eval_win_rate,eval_mean_payoff,eval_mean_asset_health,eval_per_ratio_json,epsilon,loss,policy_loss,value_loss,entropy,approximate_kl,clip_fraction,mean_absolute_td,grad_norm,learner_step
qmix,20260830,0,0,0,,,-1.0,0.0,-1.0,1.0,"{""2:1"": {""layout_hashes"": [""988ac9880d9aeb93c27b64a5693188ae118f11387398f2ce9995eab949f8b94a"", ""e03e527df2677a4e4a9e43e6fe7622b24701d228d547fcd5ca981f947fb91261"", ""7248df86236af5408f33a4a5c3d311922ca28cc7504c2abaded7154f8e0a0a44"", ""4af87326812bef6adabad7cfb8b0100cc27dfda54ea37ede9ca3e7003addf7a2"", ""adef66644abdd927f3af29322c69ede413b899933159e2b24a4310ad664cce7e""], ""mean_asset_health"": 1.0, ""mean_episode_length"": 60.0, ""mean_payoff"": -1.0, ""mean_return"": -1.0, ""unique_layouts"": 5, ""win_rate"": 0.0}, ""3:2"": {""layout_hashes"": [""d7e32c3698dda12019d0db3e2e6994191edfd61a990708689004c3bb38d27749"", ""d9fe95c4a1f828d1a3f49d4eb99faee665ee343d46bfccd43093a6133182bf84"", ""54a8edf280fb7f9a3b670133a0bf2dbc32125d268efd551c64c68f7ee3a2b8a6"", ""bec5de865bcb7c7daebacf4c2913660676dcb96ea2ac9126f0b47caecabe9d7d"", ""48454f4446386303c8a27c23ca710de46246ad2c232438ecad332d2306d0e7cd""], ""mean_asset_health"": 1.0, ""mean_episode_length"": 60.0, ""mean_payoff"": -1.0, ""mean_return"": -1.0, ""unique_layouts"": 5, ""win_rate"": 0.0}, ""5:3"": {""layout_hashes"": [""6439e3e65f0e587db96ae551b7f3b6b142254dbf9a57232530eb598bec07d718"", ""29654fa36a59fef90a0af1b1c43363530d4a1f900aa09a45fc6e12ec17243d7c"", ""43e931cee2d0d68de477ff0f3369bb82c4a5ba2da2a7c00a6d6db5f0b841eabc"", ""bf7cf30ae5efdada83420fc8b41cba3eb790c47086c7117ed0c92326a1d50386"", ""1cd718092db4519ab7b527a377008429ed59d5bc6dfe6fed0c5a2398ad8d4123""], ""mean_asset_health"": 1.0, ""mean_episode_length"": 60.0, ""mean_payoff"": -1.0, ""mean_return"": -1.0, ""unique_layouts"": 5, ""win_rate"": 0.0}}",0.9,,,,,,,,,
qmix,20260830,15,900,13,-0.9697330594062805,0.0,-1.0004752318064372,0.0,-1.0,1.0,"{""2:1"": {""layout_hashes"": [""988ac9880d9aeb93c27b64a5693188ae118f11387398f2ce9995eab949f8b94a"", ""e03e527df2677a4e4a9e43e6fe7622b24701d228d547fcd5ca981f947fb91261"", ""7248df86236af5408f33a4a5c3d311922ca28cc7504c2abaded7154f8e0a0a44"", ""4af87326812bef6adabad7cfb8b0100cc27dfda54ea37ede9ca3e7003addf7a2"", ""adef66644abdd927f3af29322c69ede413b899933159e2b24a4310ad664cce7e""], ""mean_asset_health"": 1.0, ""mean_episode_length"": 60.0, ""mean_payoff"": -1.0, ""mean_return"": -0.9495509386062622, ""unique_layouts"": 5, ""win_rate"": 0.0}, ""3:2"": {""layout_hashes"": [""d7e32c3698dda12019d0db3e2e6994191edfd61a990708689004c3bb38d27749"", ""d9fe95c4a1f828d1a3f49d4eb99faee665ee343d46bfccd43093a6133182bf84"", ""54a8edf280fb7f9a3b670133a0bf2dbc32125d268efd551c64c68f7ee3a2b8a6"", ""bec5de865bcb7c7daebacf4c2913660676dcb96ea2ac9126f0b47caecabe9d7d"", ""48454f4446386303c8a27c23ca710de46246ad2c232438ecad332d2306d0e7cd""], ""mean_asset_health"": 1.0, ""mean_episode_length"": 60.0, ""mean_payoff"": -1.0, ""mean_return"": -0.9897982358932496, ""unique_layouts"": 5, ""win_rate"": 0.0}, ""5:3"": {""layout_hashes"": [""6439e3e65f0e587db96ae551b7f3b6b142254dbf9a57232530eb598bec07d718"", ""29654fa36a59fef90a0af1b1c43363530d4a1f900aa09a45fc6e12ec17243d7c"", ""43e931cee2d0d68de477ff0f3369bb82c4a5ba2da2a7c00a6d6db5f0b841eabc"", ""bf7cf30ae5efdada83420fc8b41cba3eb790c47086c7117ed0c92326a1d50386"", ""1cd718092db4519ab7b527a377008429ed59d5bc6dfe6fed0c5a2398ad8d4123""], ""mean_asset_health"": 1.0, ""mean_episode_length"": 60.0, ""mean_payoff"": -1.0, ""mean_return"": -1.0620765209197998, ""unique_layouts"": 5, ""win_rate"": 0.0}}",0.5640000000000001,0.15848089754581451,,,,,,0.4752890169620514,3.029991388320923,13
qmix,20260830,30,1800,28,-0.9372982025146485,0.0,-0.8616232355435689,0.0,-1.0,0.9923258333333341,"{""2:1"": {""layout_hashes"": [""988ac9880d9aeb93c27b64a5693188ae118f11387398f2ce9995eab949f8b94a"", ""e03e527df2677a4e4a9e43e6fe7622b24701d228d547fcd5ca981f947fb91261"", ""7248df86236af5408f33a4a5c3d311922ca28cc7504c2abaded7154f8e0a0a44"", ""4af87326812bef6adabad7cfb8b0100cc27dfda54ea37ede9ca3e7003addf7a2"", ""adef66644abdd927f3af29322c69ede413b899933159e2b24a4310ad664cce7e""], ""mean_asset_health"": 0.9769775000000026, ""mean_episode_length"": 60.0, ""mean_payoff"": -1.0, ""mean_return"": -0.877170205116272, ""unique_layouts"": 5, ""win_rate"": 0.0}, ""3:2"": {""layout_hashes"": [""d7e32c3698dda12019d0db3e2e6994191edfd61a990708689004c3bb38d27749"", ""d9fe95c4a1f828d1a3f49d4eb99faee665ee343d46bfccd43093a6133182bf84"", ""54a8edf280fb7f9a3b670133a0bf2dbc32125d268efd551c64c68f7ee3a2b8a6"", ""bec5de865bcb7c7daebacf4c2913660676dcb96ea2ac9126f0b47caecabe9d7d"", ""48454f4446386303c8a27c23ca710de46246ad2c232438ecad332d2306d0e7cd""], ""mean_asset_health"": 1.0, ""mean_episode_length"": 60.0, ""mean_payoff"": -1.0, ""mean_return"": -0.8478473663330078, ""unique_layouts"": 5, ""win_rate"": 0.0}, ""5:3"": {""layout_hashes"": [""6439e3e65f0e587db96ae551b7f3b6b142254dbf9a57232530eb598bec07d718"", ""29654fa36a59fef90a0af1b1c43363530d4a1f900aa09a45fc6e12ec17243d7c"", ""43e931cee2d0d68de477ff0f3369bb82c4a5ba2da2a7c00a6d6db5f0b841eabc"", ""bf7cf30ae5efdada83420fc8b41cba3eb790c47086c7117ed0c92326a1d50386"", ""1cd718092db4519ab7b527a377008429ed59d5bc6dfe6fed0c5a2398ad8d4123""], ""mean_asset_health"": 1.0, ""mean_episode_length"": 60.0, ""mean_payoff"": -1.0, ""mean_return"": -0.859852135181427, ""unique_layouts"": 5, ""win_rate"": 0.0}}",0.20399999999999996,0.01380577590316534,,,,,,0.114069864153862,0.2783694863319397,28
qmix,20260830,45,2700,43,-0.7848074555397033,0.0,-0.8134299476941427,0.0,-1.0,1.0,"{""2:1"": {""layout_hashes"": [""988ac9880d9aeb93c27b64a5693188ae118f11387398f2ce9995eab949f8b94a"", ""e03e527df2677a4e4a9e43e6fe7622b24701d228d547fcd5ca981f947fb91261"", ""7248df86236af5408f33a4a5c3d311922ca28cc7504c2abaded7154f8e0a0a44"", ""4af87326812bef6adabad7cfb8b0100cc27dfda54ea37ede9ca3e7003addf7a2"", ""adef66644abdd927f3af29322c69ede413b899933159e2b24a4310ad664cce7e""], ""mean_asset_health"": 1.0, ""mean_episode_length"": 60.0, ""mean_payoff"": -1.0, ""mean_return"": -0.8057720184326171, ""unique_layouts"": 5, ""win_rate"": 0.0}, ""3:2"": {""layout_hashes"": [""d7e32c3698dda12019d0db3e2e6994191edfd61a990708689004c3bb38d27749"", ""d9fe95c4a1f828d1a3f49d4eb99faee665ee343d46bfccd43093a6133182bf84"", ""54a8edf280fb7f9a3b670133a0bf2dbc32125d268efd551c64c68f7ee3a2b8a6"", ""bec5de865bcb7c7daebacf4c2913660676dcb96ea2ac9126f0b47caecabe9d7d"", ""48454f4446386303c8a27c23ca710de46246ad2c232438ecad332d2306d0e7cd""], ""mean_asset_health"": 1.0, ""mean_episode_length"": 60.0, ""mean_payoff"": -1.0, ""mean_return"": -0.8052936434745789, ""unique_layouts"": 5, ""win_rate"": 0.0}, ""5:3"": {""layout_hashes"": [""6439e3e65f0e587db96ae551b7f3b6b142254dbf9a57232530eb598bec07d718"", ""29654fa36a59fef90a0af1b1c43363530d4a1f900aa09a45fc6e12ec17243d7c"", ""43e931cee2d0d68de477ff0f3369bb82c4a5ba2da2a7c00a6d6db5f0b841eabc"", ""bf7cf30ae5efdada83420fc8b41cba3eb790c47086c7117ed0c92326a1d50386"", ""1cd718092db4519ab7b527a377008429ed59d5bc6dfe6fed0c5a2398ad8d4123""], ""mean_asset_health"": 1.0, ""mean_episode_length"": 60.0, ""mean_payoff"": -1.0, ""mean_return"": -0.8292241811752319, ""unique_layouts"": 5, ""win_rate"": 0.0}}",0.09999999999999998,0.015572648495435715,,,,,,0.14617329835891724,0.5926875472068787,43
vdn,20260830,0,0,0,,,-1.0,0.0,-1.0,1.0,"{""2:1"": {""layout_hashes"": [""988ac9880d9aeb93c27b64a5693188ae118f11387398f2ce9995eab949f8b94a"", ""e03e527df2677a4e4a9e43e6fe7622b24701d228d547fcd5ca981f947fb91261"", ""7248df86236af5408f33a4a5c3d311922ca28cc7504c2abaded7154f8e0a0a44"", ""4af87326812bef6adabad7cfb8b0100cc27dfda54ea37ede9ca3e7003addf7a2"", ""adef66644abdd927f3af29322c69ede413b899933159e2b24a4310ad664cce7e""], ""mean_asset_health"": 1.0, ""mean_episode_length"": 60.0, ""mean_payoff"": -1.0, ""mean_return"": -1.0, ""unique_layouts"": 5, ""win_rate"": 0.0}, ""3:2"": {""layout_hashes"": [""d7e32c3698dda12019d0db3e2e6994191edfd61a990708689004c3bb38d27749"", ""d9fe95c4a1f828d1a3f49d4eb99faee665ee343d46bfccd43093a6133182bf84"", ""54a8edf280fb7f9a3b670133a0bf2dbc32125d268efd551c64c68f7ee3a2b8a6"", ""bec5de865bcb7c7daebacf4c2913660676dcb96ea2ac9126f0b47caecabe9d7d"", ""48454f4446386303c8a27c23ca710de46246ad2c232438ecad332d2306d0e7cd""], ""mean_asset_health"": 1.0, ""mean_episode_length"": 60.0, ""mean_payoff"": -1.0, ""mean_return"": -1.0, ""unique_layouts"": 5, ""win_rate"": 0.0}, ""5:3"": {""layout_hashes"": [""6439e3e65f0e587db96ae551b7f3b6b142254dbf9a57232530eb598bec07d718"", ""29654fa36a59fef90a0af1b1c43363530d4a1f900aa09a45fc6e12ec17243d7c"", ""43e931cee2d0d68de477ff0f3369bb82c4a5ba2da2a7c00a6d6db5f0b841eabc"", ""bf7cf30ae5efdada83420fc8b41cba3eb790c47086c7117ed0c92326a1d50386"", ""1cd718092db4519ab7b527a377008429ed59d5bc6dfe6fed0c5a2398ad8d4123""], ""mean_asset_health"": 1.0, ""mean_episode_length"": 60.0, ""mean_payoff"": -1.0, ""mean_return"": -1.0, ""unique_layouts"": 5, ""win_rate"": 0.0}}",0.9,,,,,,,,,
vdn,20260830,15,900,13,-0.9198953191439311,0.0,-0.8908243775367737,0.0,-1.0,1.0,"{""2:1"": {""layout_hashes"": [""988ac9880d9aeb93c27b64a5693188ae118f11387398f2ce9995eab949f8b94a"", ""e03e527df2677a4e4a9e43e6fe7622b24701d228d547fcd5ca981f947fb91261"", ""7248df86236af5408f33a4a5c3d311922ca28cc7504c2abaded7154f8e0a0a44"", ""4af87326812bef6adabad7cfb8b0100cc27dfda54ea37ede9ca3e7003addf7a2"", ""adef66644abdd927f3af29322c69ede413b899933159e2b24a4310ad664cce7e""], ""mean_asset_health"": 1.0, ""mean_episode_length"": 60.0, ""mean_payoff"": -1.0, ""mean_return"": -0.9052565813064575, ""unique_layouts"": 5, ""win_rate"": 0.0}, ""3:2"": {""layout_hashes"": [""d7e32c3698dda12019d0db3e2e6994191edfd61a990708689004c3bb38d27749"", ""d9fe95c4a1f828d1a3f49d4eb99faee665ee343d46bfccd43093a6133182bf84"", ""54a8edf280fb7f9a3b670133a0bf2dbc32125d268efd551c64c68f7ee3a2b8a6"", ""bec5de865bcb7c7daebacf4c2913660676dcb96ea2ac9126f0b47caecabe9d7d"", ""48454f4446386303c8a27c23ca710de46246ad2c232438ecad332d2306d0e7cd""], ""mean_asset_health"": 1.0, ""mean_episode_length"": 60.0, ""mean_payoff"": -1.0, ""mean_return"": -0.882547128200531, ""unique_layouts"": 5, ""win_rate"": 0.0}, ""5:3"": {""layout_hashes"": [""6439e3e65f0e587db96ae551b7f3b6b142254dbf9a57232530eb598bec07d718"", ""29654fa36a59fef90a0af1b1c43363530d4a1f900aa09a45fc6e12ec17243d7c"", ""43e931cee2d0d68de477ff0f3369bb82c4a5ba2da2a7c00a6d6db5f0b841eabc"", ""bf7cf30ae5efdada83420fc8b41cba3eb790c47086c7117ed0c92326a1d50386"", ""1cd718092db4519ab7b527a377008429ed59d5bc6dfe6fed0c5a2398ad8d4123""], ""mean_asset_health"": 1.0, ""mean_episode_length"": 60.0, ""mean_payoff"": -1.0, ""mean_return"": -0.8846694231033325, ""unique_layouts"": 5, ""win_rate"": 0.0}}",0.5640000000000001,0.07440148293972015,,,,,,0.2784934639930725,0.9345706105232239,13
vdn,20260830,30,1800,28,-1.0313639283180236,0.0,-1.0789297660191854,0.0,-1.0,1.0,"{""2:1"": {""layout_hashes"": [""988ac9880d9aeb93c27b64a5693188ae118f11387398f2ce9995eab949f8b94a"", ""e03e527df2677a4e4a9e43e6fe7622b24701d228d547fcd5ca981f947fb91261"", ""7248df86236af5408f33a4a5c3d311922ca28cc7504c2abaded7154f8e0a0a44"", ""4af87326812bef6adabad7cfb8b0100cc27dfda54ea37ede9ca3e7003addf7a2"", ""adef66644abdd927f3af29322c69ede413b899933159e2b24a4310ad664cce7e""], ""mean_asset_health"": 1.0, ""mean_episode_length"": 60.0, ""mean_payoff"": -1.0, ""mean_return"": -1.0826873064041138, ""unique_layouts"": 5, ""win_rate"": 0.0}, ""3:2"": {""layout_hashes"": [""d7e32c3698dda12019d0db3e2e6994191edfd61a990708689004c3bb38d27749"", ""d9fe95c4a1f828d1a3f49d4eb99faee665ee343d46bfccd43093a6133182bf84"", ""54a8edf280fb7f9a3b670133a0bf2dbc32125d268efd551c64c68f7ee3a2b8a6"", ""bec5de865bcb7c7daebacf4c2913660676dcb96ea2ac9126f0b47caecabe9d7d"", ""48454f4446386303c8a27c23ca710de46246ad2c232438ecad332d2306d0e7cd""], ""mean_asset_health"": 1.0, ""mean_episode_length"": 60.0, ""mean_payoff"": -1.0, ""mean_return"": -1.0803537368774414, ""unique_layouts"": 5, ""win_rate"": 0.0}, ""5:3"": {""layout_hashes"": [""6439e3e65f0e587db96ae551b7f3b6b142254dbf9a57232530eb598bec07d718"", ""29654fa36a59fef90a0af1b1c43363530d4a1f900aa09a45fc6e12ec17243d7c"", ""43e931cee2d0d68de477ff0f3369bb82c4a5ba2da2a7c00a6d6db5f0b841eabc"", ""bf7cf30ae5efdada83420fc8b41cba3eb790c47086c7117ed0c92326a1d50386"", ""1cd718092db4519ab7b527a377008429ed59d5bc6dfe6fed0c5a2398ad8d4123""], ""mean_asset_health"": 1.0, ""mean_episode_length"": 60.0, ""mean_payoff"": -1.0, ""mean_return"": -1.0737482547760009, ""unique_layouts"": 5, ""win_rate"": 0.0}}",0.20399999999999996,0.012910648249089718,,,,,,0.09851383417844772,0.06966488808393478,28
vdn,20260830,45,2700,43,-1.016223665078481,0.0,-0.879555328687032,0.0,-1.0,1.0,"{""2:1"": {""layout_hashes"": [""988ac9880d9aeb93c27b64a5693188ae118f11387398f2ce9995eab949f8b94a"", ""e03e527df2677a4e4a9e43e6fe7622b24701d228d547fcd5ca981f947fb91261"", ""7248df86236af5408f33a4a5c3d311922ca28cc7504c2abaded7154f8e0a0a44"", ""4af87326812bef6adabad7cfb8b0100cc27dfda54ea37ede9ca3e7003addf7a2"", ""adef66644abdd927f3af29322c69ede413b899933159e2b24a4310ad664cce7e""], ""mean_asset_health"": 1.0, ""mean_episode_length"": 60.0, ""mean_payoff"": -1.0, ""mean_return"": -0.8492419719696045, ""unique_layouts"": 5, ""win_rate"": 0.0}, ""3:2"": {""layout_hashes"": [""d7e32c3698dda12019d0db3e2e6994191edfd61a990708689004c3bb38d27749"", ""d9fe95c4a1f828d1a3f49d4eb99faee665ee343d46bfccd43093a6133182bf84"", ""54a8edf280fb7f9a3b670133a0bf2dbc32125d268efd551c64c68f7ee3a2b8a6"", ""bec5de865bcb7c7daebacf4c2913660676dcb96ea2ac9126f0b47caecabe9d7d"", ""48454f4446386303c8a27c23ca710de46246ad2c232438ecad332d2306d0e7cd""], ""mean_asset_health"": 1.0, ""mean_episode_length"": 60.0, ""mean_payoff"": -1.0, ""mean_return"": -0.7894240140914917, ""unique_layouts"": 5, ""win_rate"": 0.0}, ""5:3"": {""layout_hashes"": [""6439e3e65f0e587db96ae551b7f3b6b142254dbf9a57232530eb598bec07d718"", ""29654fa36a59fef90a0af1b1c43363530d4a1f900aa09a45fc6e12ec17243d7c"", ""43e931cee2d0d68de477ff0f3369bb82c4a5ba2da2a7c00a6d6db5f0b841eabc"", ""bf7cf30ae5efdada83420fc8b41cba3eb790c47086c7117ed0c92326a1d50386"", ""1cd718092db4519ab7b527a377008429ed59d5bc6dfe6fed0c5a2398ad8d4123""], ""mean_asset_health"": 1.0, ""mean_episode_length"": 60.0, ""mean_payoff"": -1.0, ""mean_return"": -1.0, ""unique_layouts"": 5, ""win_rate"": 0.0}}",0.09999999999999998,0.010118215344846249,,,,,,0.0883394330739975,0.09833559393882751,43
mappo,20260830,0,0,0,,,-1.0,0.0,-1.0,1.0,"{""2:1"": {""layout_hashes"": [""988ac9880d9aeb93c27b64a5693188ae118f11387398f2ce9995eab949f8b94a"", ""e03e527df2677a4e4a9e43e6fe7622b24701d228d547fcd5ca981f947fb91261"", ""7248df86236af5408f33a4a5c3d311922ca28cc7504c2abaded7154f8e0a0a44"", ""4af87326812bef6adabad7cfb8b0100cc27dfda54ea37ede9ca3e7003addf7a2"", ""adef66644abdd927f3af29322c69ede413b899933159e2b24a4310ad664cce7e""], ""mean_asset_health"": 1.0, ""mean_episode_length"": 60.0, ""mean_payoff"": -1.0, ""mean_return"": -1.0, ""unique_layouts"": 5, ""win_rate"": 0.0}, ""3:2"": {""layout_hashes"": [""d7e32c3698dda12019d0db3e2e6994191edfd61a990708689004c3bb38d27749"", ""d9fe95c4a1f828d1a3f49d4eb99faee665ee343d46bfccd43093a6133182bf84"", ""54a8edf280fb7f9a3b670133a0bf2dbc32125d268efd551c64c68f7ee3a2b8a6"", ""bec5de865bcb7c7daebacf4c2913660676dcb96ea2ac9126f0b47caecabe9d7d"", ""48454f4446386303c8a27c23ca710de46246ad2c232438ecad332d2306d0e7cd""], ""mean_asset_health"": 1.0, ""mean_episode_length"": 60.0, ""mean_payoff"": -1.0, ""mean_return"": -1.0, ""unique_layouts"": 5, ""win_rate"": 0.0}, ""5:3"": {""layout_hashes"": [""6439e3e65f0e587db96ae551b7f3b6b142254dbf9a57232530eb598bec07d718"", ""29654fa36a59fef90a0af1b1c43363530d4a1f900aa09a45fc6e12ec17243d7c"", ""43e931cee2d0d68de477ff0f3369bb82c4a5ba2da2a7c00a6d6db5f0b841eabc"", ""bf7cf30ae5efdada83420fc8b41cba3eb790c47086c7117ed0c92326a1d50386"", ""1cd718092db4519ab7b527a377008429ed59d5bc6dfe6fed0c5a2398ad8d4123""], ""mean_asset_health"": 1.0, ""mean_episode_length"": 60.0, ""mean_payoff"": -1.0, ""mean_return"": -1.0, ""unique_layouts"": 5, ""win_rate"": 0.0}}",,,,,,,,,,
mappo,20260830,15,900,5,-0.9006162683169047,0.0,-0.8564854105313618,0.0,-1.0,1.0,"{""2:1"": {""layout_hashes"": [""988ac9880d9aeb93c27b64a5693188ae118f11387398f2ce9995eab949f8b94a"", ""e03e527df2677a4e4a9e43e6fe7622b24701d228d547fcd5ca981f947fb91261"", ""7248df86236af5408f33a4a5c3d311922ca28cc7504c2abaded7154f8e0a0a44"", ""4af87326812bef6adabad7cfb8b0100cc27dfda54ea37ede9ca3e7003addf7a2"", ""adef66644abdd927f3af29322c69ede413b899933159e2b24a4310ad664cce7e""], ""mean_asset_health"": 1.0, ""mean_episode_length"": 60.0, ""mean_payoff"": -1.0, ""mean_return"": -0.8762505054473877, ""unique_layouts"": 5, ""win_rate"": 0.0}, ""3:2"": {""layout_hashes"": [""d7e32c3698dda12019d0db3e2e6994191edfd61a990708689004c3bb38d27749"", ""d9fe95c4a1f828d1a3f49d4eb99faee665ee343d46bfccd43093a6133182bf84"", ""54a8edf280fb7f9a3b670133a0bf2dbc32125d268efd551c64c68f7ee3a2b8a6"", ""bec5de865bcb7c7daebacf4c2913660676dcb96ea2ac9126f0b47caecabe9d7d"", ""48454f4446386303c8a27c23ca710de46246ad2c232438ecad332d2306d0e7cd""], ""mean_asset_health"": 1.0, ""mean_episode_length"": 60.0, ""mean_payoff"": -1.0, ""mean_return"": -0.8506985545158386, ""unique_layouts"": 5, ""win_rate"": 0.0}, ""5:3"": {""layout_hashes"": [""6439e3e65f0e587db96ae551b7f3b6b142254dbf9a57232530eb598bec07d718"", ""29654fa36a59fef90a0af1b1c43363530d4a1f900aa09a45fc6e12ec17243d7c"", ""43e931cee2d0d68de477ff0f3369bb82c4a5ba2da2a7c00a6d6db5f0b841eabc"", ""bf7cf30ae5efdada83420fc8b41cba3eb790c47086c7117ed0c92326a1d50386"", ""1cd718092db4519ab7b527a377008429ed59d5bc6dfe6fed0c5a2398ad8d4123""], ""mean_asset_health"": 1.0, ""mean_episode_length"": 60.0, ""mean_payoff"": -1.0, ""mean_return"": -0.8425071716308594, ""unique_layouts"": 5, ""win_rate"": 0.0}}",,0.031573861837387085,0.025821087881922722,0.043120142072439194,1.5807297229766846,-3.53336326952558e-05,0.0,,0.14521481096744537,5
mappo,20260830,30,1800,10,-0.8347357630729675,0.0,-0.8665941039721171,0.0,-1.0,1.0,"{""2:1"": {""layout_hashes"": [""988ac9880d9aeb93c27b64a5693188ae118f11387398f2ce9995eab949f8b94a"", ""e03e527df2677a4e4a9e43e6fe7622b24701d228d547fcd5ca981f947fb91261"", ""7248df86236af5408f33a4a5c3d311922ca28cc7504c2abaded7154f8e0a0a44"", ""4af87326812bef6adabad7cfb8b0100cc27dfda54ea37ede9ca3e7003addf7a2"", ""adef66644abdd927f3af29322c69ede413b899933159e2b24a4310ad664cce7e""], ""mean_asset_health"": 1.0, ""mean_episode_length"": 60.0, ""mean_payoff"": -1.0, ""mean_return"": -0.8762505054473877, ""unique_layouts"": 5, ""win_rate"": 0.0}, ""3:2"": {""layout_hashes"": [""d7e32c3698dda12019d0db3e2e6994191edfd61a990708689004c3bb38d27749"", ""d9fe95c4a1f828d1a3f49d4eb99faee665ee343d46bfccd43093a6133182bf84"", ""54a8edf280fb7f9a3b670133a0bf2dbc32125d268efd551c64c68f7ee3a2b8a6"", ""bec5de865bcb7c7daebacf4c2913660676dcb96ea2ac9126f0b47caecabe9d7d"", ""48454f4446386303c8a27c23ca710de46246ad2c232438ecad332d2306d0e7cd""], ""mean_asset_health"": 1.0, ""mean_episode_length"": 60.0, ""mean_payoff"": -1.0, ""mean_return"": -0.8652286291122436, ""unique_layouts"": 5, ""win_rate"": 0.0}, ""5:3"": {""layout_hashes"": [""6439e3e65f0e587db96ae551b7f3b6b142254dbf9a57232530eb598bec07d718"", ""29654fa36a59fef90a0af1b1c43363530d4a1f900aa09a45fc6e12ec17243d7c"", ""43e931cee2d0d68de477ff0f3369bb82c4a5ba2da2a7c00a6d6db5f0b841eabc"", ""bf7cf30ae5efdada83420fc8b41cba3eb790c47086c7117ed0c92326a1d50386"", ""1cd718092db4519ab7b527a377008429ed59d5bc6dfe6fed0c5a2398ad8d4123""], ""mean_asset_health"": 1.0, ""mean_episode_length"": 60.0, ""mean_payoff"": -1.0, ""mean_return"": -0.85830317735672, ""unique_layouts"": 5, ""win_rate"": 0.0}}",,-0.008473646827042103,-0.00037718217936344445,0.014914394356310368,1.5553661584854126,0.00045469641918316483,0.0,,0.067605160176754,10
mappo,20260830,45,2700,15,-0.8366974949836731,0.0,-0.865330179532369,0.0,-1.0,1.0,"{""2:1"": {""layout_hashes"": [""988ac9880d9aeb93c27b64a5693188ae118f11387398f2ce9995eab949f8b94a"", ""e03e527df2677a4e4a9e43e6fe7622b24701d228d547fcd5ca981f947fb91261"", ""7248df86236af5408f33a4a5c3d311922ca28cc7504c2abaded7154f8e0a0a44"", ""4af87326812bef6adabad7cfb8b0100cc27dfda54ea37ede9ca3e7003addf7a2"", ""adef66644abdd927f3af29322c69ede413b899933159e2b24a4310ad664cce7e""], ""mean_asset_health"": 1.0, ""mean_episode_length"": 60.0, ""mean_payoff"": -1.0, ""mean_return"": -0.8661479830741883, ""unique_layouts"": 5, ""win_rate"": 0.0}, ""3:2"": {""layout_hashes"": [""d7e32c3698dda12019d0db3e2e6994191edfd61a990708689004c3bb38d27749"", ""d9fe95c4a1f828d1a3f49d4eb99faee665ee343d46bfccd43093a6133182bf84"", ""54a8edf280fb7f9a3b670133a0bf2dbc32125d268efd551c64c68f7ee3a2b8a6"", ""bec5de865bcb7c7daebacf4c2913660676dcb96ea2ac9126f0b47caecabe9d7d"", ""48454f4446386303c8a27c23ca710de46246ad2c232438ecad332d2306d0e7cd""], ""mean_asset_health"": 1.0, ""mean_episode_length"": 60.0, ""mean_payoff"": -1.0, ""mean_return"": -0.8729594945907593, ""unique_layouts"": 5, ""win_rate"": 0.0}, ""5:3"": {""layout_hashes"": [""6439e3e65f0e587db96ae551b7f3b6b142254dbf9a57232530eb598bec07d718"", ""29654fa36a59fef90a0af1b1c43363530d4a1f900aa09a45fc6e12ec17243d7c"", ""43e931cee2d0d68de477ff0f3369bb82c4a5ba2da2a7c00a6d6db5f0b841eabc"", ""bf7cf30ae5efdada83420fc8b41cba3eb790c47086c7117ed0c92326a1d50386"", ""1cd718092db4519ab7b527a377008429ed59d5bc6dfe6fed0c5a2398ad8d4123""], ""mean_asset_health"": 1.0, ""mean_episode_length"": 60.0, ""mean_payoff"": -1.0, ""mean_return"": -0.8568830609321594, ""unique_layouts"": 5, ""win_rate"": 0.0}}",,-0.07374382019042969,-0.06227957457304001,0.008721890859305859,1.5825191736221313,-0.000215879175812006,0.0,,0.11052697151899338,15
