algorithm,seed,episode,environment_steps,train_mean_payoff_window,train_win_rate_window,train_mean_return_window,eval_controlled_mean_payoff,eval_controlled_win_rate,eval_mean_episode_length,eval_per_scale_json,epsilon,loss,policy_loss,value_loss,entropy,mean_absolute_td,grad_norm,approximate_kl,clip_fraction,learner_step
qmix,20260830,0,0,,,,-0.3333333333333333,0.3333333333333333,31.583333333333332,"{""2v1"": 0.0, ""3v1"": 0.0, ""3v2"": 0.0, ""4v1"": 0.0, ""4v2"": -1.0, ""4v3"": -1.0}",1.0,,,,,,,,,0
qmix,20260830,12,329,-0.16666666666666666,0.4166666666666667,-0.23413545886675516,-0.16666666666666666,0.4166666666666667,28.583333333333332,"{""2v1"": 0.0, ""3v1"": 0.0, ""3v2"": 0.0, ""4v1"": 0.0, ""4v2"": -1.0, ""4v3"": 0.0}",0.85655,0.772127091884613,,,,1.183406114578247,5.108599662780762,,,9
qmix,20260830,24,629,0.16666666666666666,0.5833333333333334,0.11580900847911835,-0.5,0.25,31.083333333333332,"{""2v1"": 0.0, ""3v1"": 0.0, ""3v2"": -1.0, ""4v1"": -1.0, ""4v2"": -1.0, ""4v3"": 0.0}",0.705975,0.688082754611969,,,,1.127528190612793,7.306894302368164,,,21
qmix,20260830,36,970,-0.5,0.25,-0.584756980339686,-0.3333333333333333,0.3333333333333333,34.916666666666664,"{""2v1"": 1.0, ""3v1"": 0.0, ""3v2"": -1.0, ""4v1"": -1.0, ""4v2"": -1.0, ""4v3"": 0.0}",0.5511250000000001,0.2524167001247406,,,,0.6001415252685547,1.8058489561080933,,,33
qmix,20260830,48,1315,-0.5,0.25,-0.586593767007192,-0.5,0.25,31.083333333333332,"{""2v1"": 0.0, ""3v1"": 0.0, ""3v2"": -1.0, ""4v1"": -1.0, ""4v2"": -1.0, ""4v3"": 0.0}",0.38534999999999997,0.29375702142715454,,,,0.6499582529067993,3.677079916000366,,,45
qmix,20260830,60,1721,-0.6666666666666666,0.16666666666666666,-0.7631354381640753,-0.6666666666666666,0.16666666666666666,33.416666666666664,"{""2v1"": 0.0, ""3v1"": 0.0, ""3v2"": -1.0, ""4v1"": -1.0, ""4v2"": -1.0, ""4v3"": -1.0}",0.18917499999999998,0.2031775861978531,,,,0.47453686594963074,2.4220118522644043,,,57
qmix,20260830,72,2009,-0.3333333333333333,0.3333333333333333,-0.4078923960526784,-0.5,0.25,31.5,"{""2v1"": 0.0, ""3v1"": 0.0, ""3v2"": -1.0, ""4v1"": 0.0, ""4v2"": -1.0, ""4v3"": -1.0}",0.0585500000000001,0.1766616553068161,,,,0.42376625537872314,3.9449853897094727,,,69
vdn,20260830,0,0,,,,-0.3333333333333333,0.3333333333333333,31.583333333333332,"{""2v1"": 0.0, ""3v1"": 0.0, ""3v2"": 0.0, ""4v1"": 0.0, ""4v2"": -1.0, ""4v3"": -1.0}",1.0,,,,,,,,,0
vdn,20260830,12,329,-0.16666666666666666,0.4166666666666667,-0.23413545886675516,-0.16666666666666666,0.4166666666666667,31.916666666666668,"{""2v1"": 0.0, ""3v1"": 0.0, ""3v2"": 0.0, ""4v1"": 0.0, ""4v2"": -1.0, ""4v3"": 0.0}",0.85655,0.07321233302354813,,,,0.30240365862846375,0.17273777723312378,,,9
vdn,20260830,24,650,0.0,0.5,-0.06191669901212057,-0.5,0.25,31.083333333333332,"{""2v1"": 0.0, ""3v1"": 0.0, ""3v2"": -1.0, ""4v1"": -1.0, ""4v2"": -1.0, ""4v3"": 0.0}",0.701225,0.04363038018345833,,,,0.1777052879333496,0.12081018090248108,,,21
vdn,20260830,36,985,-0.6666666666666666,0.16666666666666666,-0.7610712001721064,-0.6666666666666666,0.16666666666666666,36.416666666666664,"{""2v1"": 0.0, ""3v1"": 0.0, ""3v2"": -1.0, ""4v1"": -1.0, ""4v2"": -1.0, ""4v3"": -1.0}",0.5492250000000001,0.07638126611709595,,,,0.2692420482635498,0.525841474533081,,,33
vdn,20260830,48,1280,-0.6666666666666666,0.16666666666666666,-0.759123275677363,-0.16666666666666666,0.4166666666666667,34.25,"{""2v1"": 1.0, ""3v1"": 0.0, ""3v2"": 0.0, ""4v1"": 0.0, ""4v2"": -1.0, ""4v3"": -1.0}",0.4019750000000001,0.04221401363611221,,,,0.21589285135269165,0.20383399724960327,,,45
vdn,20260830,60,1651,-0.5,0.25,-0.5939948111772537,-0.5,0.25,31.083333333333332,"{""2v1"": 0.0, ""3v1"": 0.0, ""3v2"": -1.0, ""4v1"": -1.0, ""4v2"": -1.0, ""4v3"": 0.0}",0.23050000000000004,0.050408538430929184,,,,0.22283565998077393,0.15401622653007507,,,57
vdn,20260830,72,1974,-0.5,0.25,-0.5939687689145406,-0.5,0.25,34.083333333333336,"{""2v1"": 0.0, ""3v1"": 0.0, ""3v2"": -1.0, ""4v1"": 0.0, ""4v2"": -1.0, ""4v3"": -1.0}",0.07517499999999999,0.04351760447025299,,,,0.156934455037117,0.23080657422542572,,,69
mappo,20260830,0,0,,,,-0.3333333333333333,0.3333333333333333,28.333333333333332,"{""2v1"": 0.0, ""3v1"": 0.0, ""3v2"": 0.0, ""4v1"": 0.0, ""4v2"": -1.0, ""4v3"": -1.0}",,,,,,,,,,0
mappo,20260830,12,359,-0.3333333333333333,0.3333333333333333,-0.4096562961737315,0.16666666666666666,0.5833333333333334,28.833333333333332,"{""2v1"": 0.0, ""3v1"": 1.0, ""3v2"": 0.0, ""4v1"": 0.0, ""4v2"": 0.0, ""4v3"": 0.0}",,0.025572292506694794,-0.0032501756213605404,0.1233997568488121,3.2877414226531982,,0.13634759187698364,-0.0005809359718114138,0.0,3
mappo,20260830,24,671,-0.3333333333333333,0.3333333333333333,-0.40793752173582715,-0.6666666666666666,0.16666666666666666,33.666666666666664,"{""2v1"": 0.0, ""3v1"": 0.0, ""3v2"": -1.0, ""4v1"": -1.0, ""4v2"": -1.0, ""4v3"": -1.0}",,0.14597061276435852,0.10286036878824234,0.15191178023815155,3.2845637798309326,,0.18876715004444122,0.0017686730716377497,0.0,6
mappo,20260830,36,1018,-0.6666666666666666,0.16666666666666666,-0.7617760399977366,-0.6666666666666666,0.16666666666666666,31.333333333333332,"{""2v1"": 0.0, ""3v1"": 0.0, ""3v2"": -1.0, ""4v1"": -1.0, ""4v2"": -1.0, ""4v3"": -1.0}",,-0.18663088977336884,-0.17014260590076447,0.03265826404094696,3.2817413806915283,,0.2414892166852951,-0.00045881172991357744,0.0,9
mappo,20260830,48,1382,-0.8333333333333334,0.08333333333333333,-0.9369965444008509,0.0,0.5,31.0,"{""2v1"": 0.0, ""3v1"": 1.0, ""3v2"": 0.0, ""4v1"": 0.0, ""4v2"": -1.0, ""4v3"": 0.0}",,-0.009783413261175156,0.019849494099617004,0.006374875083565712,3.2820346355438232,,0.14975443482398987,-0.0004644249565899372,0.0,12
mappo,20260830,60,1726,-0.3333333333333333,0.3333333333333333,-0.4144323021173477,-0.5,0.25,31.083333333333332,"{""2v1"": 0.0, ""3v1"": 0.0, ""3v2"": -1.0, ""4v1"": -1.0, ""4v2"": -1.0, ""4v3"": 0.0}",,0.03626830503344536,-0.022603804245591164,0.18340468406677246,3.2830233573913574,,0.35406795144081116,0.0009501357562839985,0.0,15
mappo,20260830,72,2130,-0.6666666666666666,0.16666666666666666,-0.7644774417082468,-0.5,0.25,31.083333333333332,"{""2v1"": 0.0, ""3v1"": 0.0, ""3v2"": -1.0, ""4v1"": -1.0, ""4v2"": -1.0, ""4v3"": 0.0}",,0.009235609322786331,-0.021380523219704628,0.126717671751976,3.27427077293396,,0.14810742437839508,0.001790146459825337,0.0,18
