environment_steps,episode,learner_step,epsilon,train_win_rate_200,train_return_200,validation_win_rate,validation_mean_payoff,validation_worst_cell_payoff,loss,base_loss,imagine_loss,mean_absolute_td,grad_norm,per_scale_validation_json,curriculum_probabilities_json
0,0,0,1.0,,,0.2916666666666667,-0.4166666666666667,-1.0,,,,,,"{""rush"": {""2v1"": 0.6, ""3v1"": 0.4, ""3v2"": 0.2, ""4v1"": 0.4, ""4v2"": 0.1, ""4v3"": 0.1}, ""split_rush"": {""2v1"": 0.4, ""3v1"": 0.5, ""3v2"": 0.2, ""4v1"": 0.5, ""4v2"": 0.1, ""4v3"": 0.0}}","{""2v1"": 1.0}"
50185,1744,1720,0.9046485,0.295,-1.1384512378275395,0.16666666666666666,-0.6666666666666666,-1.0,0.03448385372757912,0.03506273031234741,0.03390497714281082,0.07353731989860535,0.29027143120765686,"{""rush"": {""2v1"": 0.4, ""3v1"": 0.2, ""3v2"": 0.1, ""4v1"": 0.2, ""4v2"": 0.0, ""4v3"": 0.1}, ""split_rush"": {""2v1"": 0.2, ""3v1"": 0.4, ""3v2"": 0.0, ""4v1"": 0.3, ""4v2"": 0.1, ""4v3"": 0.0}}","{""2v1"": 1.0}"
100008,3464,3440,0.8099848000000001,0.27,-1.196252699792385,0.43333333333333335,-0.13333333333333333,-0.8,0.037286654114723206,0.0359707735478878,0.03860253095626831,0.0747581422328949,0.3284662961959839,"{""rush"": {""2v1"": 0.7, ""3v1"": 0.7, ""3v2"": 0.3, ""4v1"": 0.9, ""4v2"": 0.2, ""4v3"": 0.2}, ""split_rush"": {""2v1"": 0.5, ""3v1"": 0.6, ""3v2"": 0.3, ""4v1"": 0.5, ""4v2"": 0.2, ""4v3"": 0.1}}","{""2v1"": 0.3333333333333333, ""3v1"": 0.3333333333333333, ""3v2"": 0.3333333333333333}"
150129,5232,5208,0.7147549,0.29,-1.1484776306897402,0.4,-0.2,-0.8,0.07479648292064667,0.07321599870920181,0.07637695968151093,0.14773185551166534,1.7554150819778442,"{""rush"": {""2v1"": 0.6, ""3v1"": 0.4, ""3v2"": 0.2, ""4v1"": 0.7, ""4v2"": 0.1, ""4v3"": 0.3}, ""split_rush"": {""2v1"": 0.4, ""3v1"": 0.7, ""3v2"": 0.3, ""4v1"": 0.6, ""4v2"": 0.3, ""4v3"": 0.2}}","{""2v1"": 0.3333333333333333, ""3v1"": 0.3333333333333333, ""3v2"": 0.3333333333333333}"
200198,7040,7016,0.6196238000000001,0.265,-1.2046964539587497,0.38333333333333336,-0.23333333333333334,-0.8,0.16338832676410675,0.16810914874076843,0.15866750478744507,0.254705548286438,4.413364410400391,"{""rush"": {""2v1"": 0.4, ""3v1"": 0.4, ""3v2"": 0.3, ""4v1"": 0.9, ""4v2"": 0.1, ""4v3"": 0.3}, ""split_rush"": {""2v1"": 0.4, ""3v1"": 0.5, ""3v2"": 0.1, ""4v1"": 0.6, ""4v2"": 0.5, ""4v3"": 0.1}}","{""2v1"": 0.3333333333333333, ""3v1"": 0.3333333333333333, ""3v2"": 0.3333333333333333}"
250058,8824,8800,0.5248898,0.24,-1.2504985047876835,0.25833333333333336,-0.48333333333333334,-1.0,0.034897759556770325,0.0351150780916214,0.03468044102191925,0.08744588494300842,0.6446691155433655,"{""rush"": {""2v1"": 0.4, ""3v1"": 0.3, ""3v2"": 0.1, ""4v1"": 0.5, ""4v2"": 0.1, ""4v3"": 0.2}, ""split_rush"": {""2v1"": 0.2, ""3v1"": 0.5, ""3v2"": 0.0, ""4v1"": 0.5, ""4v2"": 0.3, ""4v3"": 0.0}}","{""2v1"": 0.16666666666666666, ""3v1"": 0.16666666666666666, ""3v2"": 0.16666666666666666, ""4v1"": 0.16666666666666666, ""4v2"": 0.16666666666666666, ""4v3"": 0.16666666666666666}"
300055,10616,10592,0.4298955,0.24,-1.2471104925870895,0.36666666666666664,-0.26666666666666666,-1.0,0.03533584624528885,0.034997716546058655,0.03567397594451904,0.10727014392614365,1.4040031433105469,"{""rush"": {""2v1"": 0.6, ""3v1"": 0.5, ""3v2"": 0.1, ""4v1"": 0.6, ""4v2"": 0.0, ""4v3"": 0.2}, ""split_rush"": {""2v1"": 0.6, ""3v1"": 0.6, ""3v2"": 0.0, ""4v1"": 0.6, ""4v2"": 0.6, ""4v3"": 0.0}}","{""2v1"": 0.16666666666666666, ""3v1"": 0.16666666666666666, ""3v2"": 0.16666666666666666, ""4v1"": 0.16666666666666666, ""4v2"": 0.16666666666666666, ""4v3"": 0.16666666666666666}"
350084,12416,12392,0.33484040000000004,0.255,-1.2187812290340663,0.3333333333333333,-0.3333333333333333,-1.0,0.014597238041460514,0.01462081354111433,0.014573662541806698,0.06681671738624573,0.48653411865234375,"{""rush"": {""2v1"": 0.5, ""3v1"": 0.5, ""3v2"": 0.1, ""4v1"": 0.5, ""4v2"": 0.2, ""4v3"": 0.1}, ""split_rush"": {""2v1"": 0.6, ""3v1"": 0.7, ""3v2"": 0.0, ""4v1"": 0.6, ""4v2"": 0.2, ""4v3"": 0.0}}","{""2v1"": 0.16666666666666666, ""3v1"": 0.16666666666666666, ""3v2"": 0.16666666666666666, ""4v1"": 0.16666666666666666, ""4v2"": 0.16666666666666666, ""4v3"": 0.16666666666666666}"
400155,14184,14160,0.23970550000000002,0.25,-1.2349111045897008,0.24166666666666667,-0.5166666666666667,-1.0,0.018888233229517937,0.018924204632639885,0.01885226182639599,0.05412035062909126,0.15461629629135132,"{""rush"": {""2v1"": 0.4, ""3v1"": 0.3, ""3v2"": 0.1, ""4v1"": 0.4, ""4v2"": 0.1, ""4v3"": 0.2}, ""split_rush"": {""2v1"": 0.2, ""3v1"": 0.5, ""3v2"": 0.0, ""4v1"": 0.3, ""4v2"": 0.4, ""4v3"": 0.0}}","{""2v1"": 0.17190780122003785, ""3v1"": 0.2478578824245899, ""3v2"": 0.06287175423464562, ""4v1"": 0.19072326744937737, ""4v2"": 0.1870149241754235, ""4v3"": 0.13962437049592583}"
450046,15984,15960,0.14491260000000006,0.295,-1.1306949524581433,0.4083333333333333,-0.18333333333333332,-1.0,0.026764726266264915,0.026584917679429054,0.026944534853100777,0.06224627047777176,0.4126971960067749,"{""rush"": {""2v1"": 0.5, ""3v1"": 0.4, ""3v2"": 0.2, ""4v1"": 0.9, ""4v2"": 0.2, ""4v3"": 0.2}, ""split_rush"": {""2v1"": 0.5, ""3v1"": 0.9, ""3v2"": 0.2, ""4v1"": 0.6, ""4v2"": 0.3, ""4v3"": 0.0}}","{""2v1"": 0.30645695549423047, ""3v1"": 0.14011245834615793, ""3v2"": 0.0706006596874043, ""4v1"": 0.17952411550816652, ""4v2"": 0.0512406717979057, ""4v3"": 0.2520651391661352}"
500125,17896,17872,0.050000000000000044,0.37,-0.9826394711434842,0.55,0.1,-0.6,0.010282738134264946,0.010236273519694805,0.010329203680157661,0.06126191467046738,0.5597589015960693,"{""rush"": {""2v1"": 0.7, ""3v1"": 0.7, ""3v2"": 0.5, ""4v1"": 1.0, ""4v2"": 0.2, ""4v3"": 0.2}, ""split_rush"": {""2v1"": 0.6, ""3v1"": 0.9, ""3v2"": 0.3, ""4v1"": 0.7, ""4v2"": 0.6, ""4v3"": 0.2}}","{""2v1"": 0.17227112437744294, ""3v1"": 0.1864508439728298, ""3v2"": 0.15503915551611222, ""4v1"": 0.15783894198747347, ""4v2"": 0.13262830633226294, ""4v3"": 0.1957716278138787}"
550067,19880,19856,0.050000000000000044,0.475,-0.7601993564516306,0.575,0.15,-0.8,0.018606502562761307,0.019143681973218918,0.018069321289658546,0.0656004548072815,0.4517134726047516,"{""rush"": {""2v1"": 0.7, ""3v1"": 0.8, ""3v2"": 0.3, ""4v1"": 1.0, ""4v2"": 0.3, ""4v3"": 0.2}, ""split_rush"": {""2v1"": 0.8, ""3v1"": 0.9, ""3v2"": 0.4, ""4v1"": 0.8, ""4v2"": 0.6, ""4v3"": 0.1}}","{""2v1"": 0.060402526704561775, ""3v1"": 0.24136296873207502, ""3v2"": 0.20290574743153272, ""4v1"": 0.1902801655934875, ""4v2"": 0.19452418961326706, ""4v3"": 0.11052440192507594}"
600134,22032,22008,0.050000000000000044,0.43,-0.8526221404969693,0.6083333333333333,0.21666666666666667,-0.8,0.022496800869703293,0.020454110577702522,0.024539491161704063,0.09317778050899506,0.8015645146369934,"{""rush"": {""2v1"": 0.7, ""3v1"": 0.9, ""3v2"": 0.3, ""4v1"": 1.0, ""4v2"": 0.5, ""4v3"": 0.2}, ""split_rush"": {""2v1"": 0.8, ""3v1"": 0.9, ""3v2"": 0.4, ""4v1"": 0.9, ""4v2"": 0.6, ""4v3"": 0.1}}","{""2v1"": 0.16939773379853348, ""3v1"": 0.161265681341519, ""3v2"": 0.19154224589131538, ""4v1"": 0.2032081427510184, ""4v2"": 0.1981262042858811, ""4v3"": 0.07645999193173256}"
650032,24280,24256,0.050000000000000044,0.535,-0.6416955383867026,0.6583333333333333,0.31666666666666665,-0.8,0.012135501950979233,0.011883363127708435,0.012387641705572605,0.06258717179298401,0.13513730466365814,"{""rush"": {""2v1"": 0.6, ""3v1"": 0.9, ""3v2"": 0.5, ""4v1"": 1.0, ""4v2"": 0.4, ""4v3"": 0.5}, ""split_rush"": {""2v1"": 0.7, ""3v1"": 1.0, ""3v2"": 0.6, ""4v1"": 0.9, ""4v2"": 0.7, ""4v3"": 0.1}}","{""2v1"": 0.08201309164496724, ""3v1"": 0.13972484876086805, ""3v2"": 0.2454418864234454, ""4v1"": 0.13826014942765988, ""4v2"": 0.2478766709055792, ""4v3"": 0.14668335283748019}"
700034,26648,26624,0.050000000000000044,0.675,-0.3454890888929367,0.7916666666666666,0.5833333333333334,-0.4,0.022910241037607193,0.02254914492368698,0.023271339014172554,0.08760082721710205,0.5906205773353577,"{""rush"": {""2v1"": 0.8, ""3v1"": 0.9, ""3v2"": 0.8, ""4v1"": 1.0, ""4v2"": 0.8, ""4v3"": 0.6}, ""split_rush"": {""2v1"": 0.9, ""3v1"": 1.0, ""3v2"": 0.7, ""4v1"": 1.0, ""4v2"": 0.7, ""4v3"": 0.3}}","{""2v1"": 0.11039287666862385, ""3v1"": 0.13903923078206937, ""3v2"": 0.2001603227965231, ""4v1"": 0.18841259738567853, ""4v2"": 0.16027712286021614, ""4v3"": 0.20171784950688904}"
750178,29104,29080,0.050000000000000044,0.69,-0.3334797587990761,0.7,0.4,-0.6,0.03385351598262787,0.03163371607661247,0.036073312163352966,0.10659228265285492,1.20966637134552,"{""rush"": {""2v1"": 1.0, ""3v1"": 0.9, ""3v2"": 0.4, ""4v1"": 1.0, ""4v2"": 0.3, ""4v3"": 0.5}, ""split_rush"": {""2v1"": 0.9, ""3v1"": 0.9, ""3v2"": 0.5, ""4v1"": 0.9, ""4v2"": 0.9, ""4v3"": 0.2}}","{""2v1"": 0.1832601480036471, ""3v1"": 0.1411709086182987, ""3v2"": 0.08158643688646205, ""4v1"": 0.30661782744474375, ""4v2"": 0.18167926507273954, ""4v3"": 0.10568541397410877}"
800122,31304,31280,0.050000000000000044,0.76,-0.18921022765338422,0.725,0.45,-0.4,0.02200443297624588,0.021761108189821243,0.022247759625315666,0.06404177099466324,0.12926772236824036,"{""rush"": {""2v1"": 0.9, ""3v1"": 1.0, ""3v2"": 0.7, ""4v1"": 0.9, ""4v2"": 0.5, ""4v3"": 0.5}, ""split_rush"": {""2v1"": 0.9, ""3v1"": 0.6, ""3v2"": 0.7, ""4v1"": 0.8, ""4v2"": 0.9, ""4v3"": 0.3}}","{""2v1"": 0.13431939777062102, ""3v1"": 0.20586427978067182, ""3v2"": 0.23775079167752, ""4v1"": 0.12479920063662465, ""4v2"": 0.09294550060639954, ""4v3"": 0.20432082952816302}"
850056,33656,33632,0.050000000000000044,0.865,0.04449729666113853,0.775,0.55,-0.6,0.01704905740916729,0.017420694231987,0.01667742058634758,0.06630983203649521,0.3282812833786011,"{""rush"": {""2v1"": 0.9, ""3v1"": 1.0, ""3v2"": 0.6, ""4v1"": 1.0, ""4v2"": 0.8, ""4v3"": 0.2}, ""split_rush"": {""2v1"": 0.9, ""3v1"": 1.0, ""3v2"": 0.7, ""4v1"": 1.0, ""4v2"": 1.0, ""4v3"": 0.2}}","{""2v1"": 0.16666666666666666, ""3v1"": 0.16666666666666666, ""3v2"": 0.16666666666666666, ""4v1"": 0.16666666666666666, ""4v2"": 0.16666666666666666, ""4v3"": 0.16666666666666666}"
900111,36184,36160,0.050000000000000044,0.74,-0.2131168946623802,0.775,0.55,-0.2,0.022067256271839142,0.021431928500533104,0.02270258404314518,0.06540515273809433,0.3038395047187805,"{""rush"": {""2v1"": 1.0, ""3v1"": 0.9, ""3v2"": 0.5, ""4v1"": 1.0, ""4v2"": 0.7, ""4v3"": 0.5}, ""split_rush"": {""2v1"": 0.9, ""3v1"": 1.0, ""3v2"": 0.7, ""4v1"": 1.0, ""4v2"": 0.7, ""4v3"": 0.4}}","{""2v1"": 0.16666666666666666, ""3v1"": 0.16666666666666666, ""3v2"": 0.16666666666666666, ""4v1"": 0.16666666666666666, ""4v2"": 0.16666666666666666, ""4v3"": 0.16666666666666666}"
950120,38688,38664,0.050000000000000044,0.74,-0.21789938308298587,0.8166666666666667,0.6333333333333333,-0.2,0.02103211171925068,0.020190583541989326,0.02187363989651203,0.07198023796081543,0.26239532232284546,"{""rush"": {""2v1"": 0.9, ""3v1"": 1.0, ""3v2"": 0.8, ""4v1"": 0.9, ""4v2"": 0.4, ""4v3"": 0.6}, ""split_rush"": {""2v1"": 0.9, ""3v1"": 1.0, ""3v2"": 0.8, ""4v1"": 0.9, ""4v2"": 1.0, ""4v3"": 0.6}}","{""2v1"": 0.16666666666666666, ""3v1"": 0.16666666666666666, ""3v2"": 0.16666666666666666, ""4v1"": 0.16666666666666666, ""4v2"": 0.16666666666666666, ""4v3"": 0.16666666666666666}"
1000123,41072,41048,0.050000000000000044,0.785,-0.12551325120031834,0.7916666666666666,0.5833333333333334,-0.4,0.054619304835796356,0.051611028611660004,0.05762757733464241,0.12337569147348404,0.47859784960746765,"{""rush"": {""2v1"": 0.9, ""3v1"": 1.0, ""3v2"": 0.9, ""4v1"": 0.9, ""4v2"": 0.7, ""4v3"": 0.3}, ""split_rush"": {""2v1"": 0.9, ""3v1"": 1.0, ""3v2"": 0.7, ""4v1"": 0.9, ""4v2"": 1.0, ""4v3"": 0.3}}","{""2v1"": 0.16666666666666666, ""3v1"": 0.16666666666666666, ""3v2"": 0.16666666666666666, ""4v1"": 0.16666666666666666, ""4v2"": 0.16666666666666666, ""4v3"": 0.16666666666666666}"
