version,run,method,seed,recorded_at,config,device,cycle_depth,repeat_id,ms_per_step,n_steps,params,env,checkpoint_id,arm,readout,actor_params,training_params,p25_ms,p75_ms,p95_ms,physical_gpu
"""main0923""","""train""","""refil""",0,"""2026-09-30T04:50:35+00:00""","{""N_R"":10,""N_B"":10,""K"":2}","""cuda:0""",null,0,1.0460150078870356,200,391433,"""had""","""8437bce5209e4a92add0b18b10171e7b""","""cost""","""learned""",102025,391433,1.0362192406319082,6.887547977385111,7.128927187295631,1
"""main0923""","""train""","""refil""",0,"""2026-09-30T04:50:38+00:00""","{""N_R"":50,""N_B"":50,""K"":2}","""cuda:0""",null,0,1.0632305056788027,200,391433,"""had""","""8437bce5209e4a92add0b18b10171e7b""","""cost""","""learned""",102025,391433,1.0460147605044767,6.897047001984902,7.088321738410741,1
"""main0923""","""train""","""refil""",1,"""2026-09-30T04:50:39+00:00""","{""N_R"":10,""N_B"":10,""K"":2}","""cuda:0""",null,0,1.05373197584413,200,391433,"""had""","""92d90971bb874c75bd1c4f77f9bfe268""","""cost""","""learned""",102025,391433,1.0385935311205685,6.887548210215755,7.111117156455293,1
"""main0923""","""train""","""refil""",1,"""2026-09-30T04:50:41+00:00""","{""N_R"":50,""N_B"":50,""K"":2}","""cuda:0""",null,0,1.0495759779587388,200,391433,"""had""","""92d90971bb874c75bd1c4f77f9bfe268""","""cost""","""learned""",102025,391433,1.041264971718192,6.902093475218862,7.11082135385368,1
"""main0923""","""train""","""refil""",2,"""2026-09-30T04:50:43+00:00""","{""N_R"":10,""N_B"":10,""K"":2}","""cuda:0""",null,0,1.1742434871848673,200,391433,"""had""","""7ea826c2179f463885c7893dba9687af""","""cost""","""learned""",102025,391433,1.0469052358530462,6.876863015349954,7.1072593360440806,1
"""main0923""","""train""","""refil""",2,"""2026-09-30T04:50:46+00:00""","{""N_R"":50,""N_B"":50,""K"":2}","""cuda:0""",null,0,1.246075495146215,200,391433,"""had""","""7ea826c2179f463885c7893dba9687af""","""cost""","""learned""",102025,391433,1.0460140183568,6.911591743119061,7.126256334595382,1
"""main0923""","""train""","""refil_matched""",0,"""2026-09-30T04:50:48+00:00""","{""N_R"":10,""N_B"":10,""K"":2}","""cuda:0""",null,0,1.929961988935247,200,465801,"""had""","""986e65ea27a84ab0aab149048c9e097b""","""cost""","""learned""",176393,465801,1.3190944882808253,6.926729998667724,7.130945974495262,1
"""main0923""","""train""","""refil_matched""",0,"""2026-09-30T04:50:50+00:00""","{""N_R"":50,""N_B"":50,""K"":2}","""cuda:0""",null,0,1.215205033076927,200,465801,"""had""","""986e65ea27a84ab0aab149048c9e097b""","""cost""","""learned""",176393,465801,1.0661990381777287,6.921980995684862,7.139850687235594,1
"""main0923""","""train""","""refil_matched""",1,"""2026-09-30T04:50:53+00:00""","{""N_R"":10,""N_B"":10,""K"":2}","""cuda:0""",null,0,6.916637503309175,200,465801,"""had""","""704a7ee2f9a1417693c1f81797e39c22""","""cost""","""learned""",176393,465801,1.7488980083726346,7.038337003905326,7.142998036579229,1
"""main0923""","""train""","""refil_matched""",1,"""2026-09-30T04:50:56+00:00""","{""N_R"":50,""N_B"":50,""K"":2}","""cuda:0""",null,0,4.756932001328096,200,465801,"""had""","""704a7ee2f9a1417693c1f81797e39c22""","""cost""","""learned""",176393,465801,1.7631459922995418,7.046054015518166,7.264517646399327,1
"""main0923""","""train""","""refil_matched""",2,"""2026-09-30T04:50:58+00:00""","{""N_R"":10,""N_B"":10,""K"":2}","""cuda:0""",null,0,3.1344820163212717,200,465801,"""had""","""e33d205e725c4bfd88fbdb3159ca8828""","""cost""","""learned""",176393,465801,1.3469962577801198,7.01607450901065,7.153979892609641,1
"""main0923""","""train""","""refil_matched""",2,"""2026-09-30T04:51:00+00:00""","{""N_R"":50,""N_B"":50,""K"":2}","""cuda:0""",null,0,1.0709479684010148,200,465801,"""had""","""e33d205e725c4bfd88fbdb3159ca8828""","""cost""","""learned""",176393,465801,1.0572942410362884,1.2134239805163816,7.096514978911728,1
"""main0923""","""train""","""regir_r0_sg""",0,"""2026-09-30T04:51:04+00:00""","{""N_R"":10,""N_B"":10,""K"":2}","""cuda:0""",1,0,11.706221499480307,200,465162,"""had""","""1be45dd1612a46cbbf76dabb3b5b2626""","""cost:R1""","""learned""",175754,465162,3.8008562405593693,11.967131751589477,12.083308774163015,1
"""main0923""","""train""","""regir_r0_sg""",0,"""2026-09-30T04:51:08+00:00""","{""N_R"":50,""N_B"":50,""K"":2}","""cuda:0""",1,0,3.745349502423778,200,465162,"""had""","""1be45dd1612a46cbbf76dabb3b5b2626""","""cost:R1""","""learned""",175754,465162,2.399244229309261,11.77716295933351,12.105808718479238,1
"""main0923""","""train""","""regir_r0_sg""",1,"""2026-09-30T04:51:10+00:00""","{""N_R"":10,""N_B"":10,""K"":2}","""cuda:0""",1,0,3.3458219550084323,200,465162,"""had""","""74003bb35ef04467bbd5e9b09a1032a0""","""cost:R1""","""learned""",175754,465162,2.6304710045224056,11.783396490500309,12.05000535119325,1
"""main0923""","""train""","""regir_r0_sg""",1,"""2026-09-30T04:51:14+00:00""","{""N_R"":50,""N_B"":50,""K"":2}","""cuda:0""",1,0,8.388300979277119,200,465162,"""had""","""74003bb35ef04467bbd5e9b09a1032a0""","""cost:R1""","""learned""",175754,465162,2.9534174827858806,11.909547494724393,12.11293242231477,1
"""main0923""","""train""","""regir_r0_sg""",2,"""2026-09-30T04:51:17+00:00""","{""N_R"":10,""N_B"":10,""K"":2}","""cuda:0""",1,0,6.454183516325429,200,465162,"""had""","""f22ef358d1364be781a0d370ff8cda52""","""cost:R1""","""learned""",175754,465162,2.508475983631797,11.781913010054268,12.09993172378745,1
"""main0923""","""train""","""regir_r0_sg""",2,"""2026-09-30T04:51:21+00:00""","{""N_R"":50,""N_B"":50,""K"":2}","""cuda:0""",1,0,2.2529095003847033,200,465162,"""had""","""f22ef358d1364be781a0d370ff8cda52""","""cost:R1""","""learned""",175754,465162,2.1261642104946077,11.753121041692793,12.080994178541005,1
"""main0923""","""train""","""regir_r1_sg""",0,"""2026-09-30T04:51:24+00:00""","{""N_R"":10,""N_B"":10,""K"":2}","""cuda:0""",1,0,11.829108494566754,200,465162,"""had""","""e39ccc11409c4d2e952921831e0c0ea5""","""cost:R1""","""learned""",175754,465162,5.252335962723009,12.133355005062185,14.01351080276072,1
"""main0923""","""train""","""regir_r1_sg""",0,"""2026-09-30T04:51:28+00:00""","{""N_R"":50,""N_B"":50,""K"":2}","""cuda:0""",1,0,4.372246999992058,200,465162,"""had""","""e39ccc11409c4d2e952921831e0c0ea5""","""cost:R1""","""learned""",175754,465162,2.742968514212407,11.881052501848899,12.211717781610787,1
"""main0923""","""train""","""regir_r1_sg""",1,"""2026-09-30T04:51:31+00:00""","{""N_R"":10,""N_B"":10,""K"":2}","""cuda:0""",1,0,11.812487005954608,200,465162,"""had""","""3545e383bd8946349fae565e468ff974""","""cost:R1""","""learned""",175754,465162,4.661354978452437,12.071912540704943,12.280937016475946,1
"""main0923""","""train""","""regir_r1_sg""",1,"""2026-09-30T04:51:35+00:00""","{""N_R"":50,""N_B"":50,""K"":2}","""cuda:0""",1,0,7.983431016327813,200,465162,"""had""","""3545e383bd8946349fae565e468ff974""","""cost:R1""","""learned""",175754,465162,2.791055230773054,12.025311007164419,12.22121586324647,1
"""main0923""","""train""","""regir_r1_sg""",2,"""2026-09-30T04:51:38+00:00""","{""N_R"":10,""N_B"":10,""K"":2}","""cuda:0""",1,0,11.217054008739069,200,465162,"""had""","""24be2bc767ab4aca86f557118cbb56c3""","""cost:R1""","""learned""",175754,465162,3.912166226655245,12.058852749760263,12.228042993228883,1
"""main0923""","""train""","""regir_r1_sg""",2,"""2026-09-30T04:51:42+00:00""","{""N_R"":50,""N_B"":50,""K"":2}","""cuda:0""",1,0,10.559881018707529,200,465162,"""had""","""24be2bc767ab4aca86f557118cbb56c3""","""cost:R1""","""learned""",175754,465162,3.479987251921557,12.043120746966451,12.261466385098174,1
"""main0923""","""train""","""regir_kv0_sg""",0,"""2026-09-30T04:51:46+00:00""","{""N_R"":10,""N_B"":10,""K"":2}","""cuda:0""",4,0,12.408513488480821,200,465162,"""had""","""b11572296b844c57a7f2b473c6a4ef70""","""cost:R4""","""learned""",175754,465162,4.693709255661815,13.59017776849214,15.034651252790354,1
"""main0923""","""train""","""regir_kv0_sg""",0,"""2026-09-30T04:51:50+00:00""","{""N_R"":10,""N_B"":10,""K"":2}","""cuda:0""",1,0,8.868567529134452,200,465162,"""had""","""b11572296b844c57a7f2b473c6a4ef70""","""cost:R1""","""learned""",175754,465162,3.9825149870011955,12.052619524183683,12.215042347088456,1
"""main0923""","""train""","""regir_kv0_sg""",0,"""2026-09-30T04:51:54+00:00""","{""N_R"":50,""N_B"":50,""K"":2}","""cuda:0""",4,0,12.062415014952421,200,465162,"""had""","""b11572296b844c57a7f2b473c6a4ef70""","""cost:R4""","""learned""",175754,465162,4.5182847388787195,12.800620999769308,15.06706633081194,1
"""main0923""","""train""","""regir_kv0_sg""",0,"""2026-09-30T04:51:59+00:00""","{""N_R"":50,""N_B"":50,""K"":2}","""cuda:0""",1,0,8.74924351228401,200,465162,"""had""","""b11572296b844c57a7f2b473c6a4ef70""","""cost:R1""","""learned""",175754,465162,3.0332644964801148,12.025311501929536,12.266216086572967,1
"""main0923""","""train""","""regir_kv0_sg""",1,"""2026-09-30T04:52:03+00:00""","{""N_R"":10,""N_B"":10,""K"":2}","""cuda:0""",4,0,13.169576501240954,200,465162,"""had""","""908434267ac0480f97d79e50e2c7feb9""","""cost:R4""","""learned""",175754,465162,6.8456982262432575,14.888199511915445,15.109749749535695,1
"""main0923""","""train""","""regir_kv0_sg""",1,"""2026-09-30T04:52:06+00:00""","{""N_R"":10,""N_B"":10,""K"":2}","""cuda:0""",1,0,11.826141504570842,200,465162,"""had""","""908434267ac0480f97d79e50e2c7feb9""","""cost:R1""","""learned""",175754,465162,4.417364747496322,12.141371233155951,12.388449584250337,1
"""main0923""","""train""","""regir_kv0_sg""",1,"""2026-09-30T04:52:12+00:00""","{""N_R"":50,""N_B"":50,""K"":2}","""cuda:0""",4,0,12.830601452151313,200,465162,"""had""","""908434267ac0480f97d79e50e2c7feb9""","""cost:R4""","""learned""",175754,465162,6.455965747591108,14.801525729126297,15.188706343178637,1
"""main0923""","""train""","""regir_kv0_sg""",1,"""2026-09-30T04:52:16+00:00""","{""N_R"":50,""N_B"":50,""K"":2}","""cuda:0""",1,0,8.634668512968346,200,465162,"""had""","""908434267ac0480f97d79e50e2c7feb9""","""cost:R1""","""learned""",175754,465162,3.913948021363467,12.03837274806574,12.341610770090483,1
"""main0923""","""train""","""regir_kv0_sg""",2,"""2026-09-30T04:52:20+00:00""","{""N_R"":10,""N_B"":10,""K"":2}","""cuda:0""",4,0,12.435822485713288,200,465162,"""had""","""a4319df9e16e44ea95ab8d798a6a0bb3""","""cost:R4""","""learned""",175754,465162,5.7400217483518645,14.696746482513845,15.137296196189709,1
"""main0923""","""train""","""regir_kv0_sg""",2,"""2026-09-30T04:52:23+00:00""","{""N_R"":10,""N_B"":10,""K"":2}","""cuda:0""",1,0,8.903593523427844,200,465162,"""had""","""a4319df9e16e44ea95ab8d798a6a0bb3""","""cost:R1""","""learned""",175754,465162,4.120242243516259,12.077554521965794,12.3456476314459,1
"""main0923""","""train""","""regir_kv0_sg""",2,"""2026-09-30T04:52:28+00:00""","{""N_R"":50,""N_B"":50,""K"":2}","""cuda:0""",4,0,12.846037017880008,200,465162,"""had""","""a4319df9e16e44ea95ab8d798a6a0bb3""","""cost:R4""","""learned""",175754,465162,6.73112427466549,14.94073796493467,15.167097555240614,1
"""main0923""","""train""","""regir_kv0_sg""",2,"""2026-09-30T04:52:32+00:00""","{""N_R"":50,""N_B"":50,""K"":2}","""cuda:0""",1,0,2.5871359976008534,200,465162,"""had""","""a4319df9e16e44ea95ab8d798a6a0bb3""","""cost:R1""","""learned""",175754,465162,2.504915028112009,11.869776251842268,12.213026531389914,1
"""main0923""","""train""","""regir_kv0_intent_sg""",0,"""2026-09-30T04:52:36+00:00""","{""N_R"":10,""N_B"":10,""K"":2}","""cuda:0""",4,0,12.24051252938807,200,466323,"""had""","""3643f38df64c4bec86fa44da07eb30df""","""cost:R4""","""learned""",176915,466323,5.104814015794545,14.724649518029764,15.263507701456547,1
"""main0923""","""train""","""regir_kv0_intent_sg""",0,"""2026-09-30T04:52:41+00:00""","{""N_R"":50,""N_B"":50,""K"":2}","""cuda:0""",4,0,6.483274482889101,200,466323,"""had""","""3643f38df64c4bec86fa44da07eb30df""","""cost:R4""","""learned""",176915,466323,4.2695457668742165,12.72493322903756,14.820108108688146,1
"""main0923""","""train""","""regir_kv0_intent_sg""",1,"""2026-09-30T04:52:46+00:00""","{""N_R"":10,""N_B"":10,""K"":2}","""cuda:0""",4,0,13.336987991351634,200,466323,"""had""","""1101c6d199424c33bd05f19518992204""","""cost:R4""","""learned""",176915,466323,7.392452738713473,15.030084003228694,15.225988990277983,1
"""main0923""","""train""","""regir_kv0_intent_sg""",1,"""2026-09-30T04:52:50+00:00""","{""N_R"":50,""N_B"":50,""K"":2}","""cuda:0""",4,0,9.992946026613936,200,466323,"""had""","""1101c6d199424c33bd05f19518992204""","""cost:R4""","""learned""",176915,466323,4.731407490908168,12.917870248202235,15.141038244473748,1
"""main0923""","""train""","""regir_kv0_intent_sg""",2,"""2026-09-30T04:52:55+00:00""","{""N_R"":10,""N_B"":10,""K"":2}","""cuda:0""",4,0,12.861472991062328,200,466323,"""had""","""2c80ab907fd94c66827cd18f6dde276e""","""cost:R4""","""learned""",176915,466323,6.4360792603110895,14.974874255130999,15.183306334074587,1
"""main0923""","""train""","""regir_kv0_intent_sg""",2,"""2026-09-30T04:53:00+00:00""","{""N_R"":50,""N_B"":50,""K"":2}","""cuda:0""",4,0,13.448595040244982,200,466323,"""had""","""2c80ab907fd94c66827cd18f6dde276e""","""cost:R4""","""learned""",176915,466323,7.926739534013905,15.052940012537874,15.227533204597421,1
"""main0923""","""train""","""regir_sg""",0,"""2026-09-30T04:53:04+00:00""","{""N_R"":10,""N_B"":10,""K"":2}","""cuda:0""",4,0,12.626980984350666,200,465162,"""had""","""9b98aae5d6ca47729c6aa7485ac5e0a3""","""cost:R4""","""learned""",175754,465162,6.095323275076225,14.670034506707452,15.102569398004562,1
"""main0923""","""train""","""regir_sg""",0,"""2026-09-30T04:53:09+00:00""","{""N_R"":50,""N_B"":50,""K"":2}","""cuda:0""",4,0,12.458977493224666,200,465162,"""had""","""9b98aae5d6ca47729c6aa7485ac5e0a3""","""cost:R4""","""learned""",175754,465162,4.755746995215304,12.755506744724698,14.772677738801576,1
"""main0923""","""train""","""regir_sg""",1,"""2026-09-30T04:53:13+00:00""","{""N_R"":10,""N_B"":10,""K"":2}","""cuda:0""",4,0,12.61688899830915,200,465162,"""had""","""b13d80bc67074713a867206fc5c4d22d""","""cost:R4""","""learned""",175754,465162,6.092354989959858,14.6682540216716,15.070453044609167,1
"""main0923""","""train""","""regir_sg""",1,"""2026-09-30T04:53:18+00:00""","{""N_R"":50,""N_B"":50,""K"":2}","""cuda:0""",4,0,12.469663983210921,200,465162,"""had""","""b13d80bc67074713a867206fc5c4d22d""","""cost:R4""","""learned""",175754,465162,5.178427731152624,12.778956253896467,14.918656402733177,1
"""main0923""","""train""","""regir_sg""",2,"""2026-09-30T04:53:22+00:00""","{""N_R"":10,""N_B"":10,""K"":2}","""cuda:0""",4,0,12.431670009391382,200,465162,"""had""","""a04d80d2f7f9416bb7b1a5347a64eb69""","""cost:R4""","""learned""",175754,465162,5.326544283889234,12.762927770381793,14.773628243710844,1
"""main0923""","""train""","""regir_sg""",2,"""2026-09-30T04:53:26+00:00""","{""N_R"":50,""N_B"":50,""K"":2}","""cuda:0""",4,0,12.467883003409952,200,465162,"""had""","""a04d80d2f7f9416bb7b1a5347a64eb69""","""cost:R4""","""learned""",175754,465162,5.402234513894655,12.816059723263606,15.047182896523736,1
"""main0923""","""train""","""regir_untied4_sg""",0,"""2026-09-30T04:53:30+00:00""","{""N_R"":10,""N_B"":10,""K"":2}","""cuda:0""",4,0,11.93359648459591,200,571146,"""had""","""0dfd9f4beffe41c1a5c1f5f82c34e1b8""","""cost:R4""","""learned""",281738,571146,5.347618513042107,14.635307496064343,15.0455803173827,1
"""main0923""","""train""","""regir_untied4_sg""",0,"""2026-09-30T04:53:35+00:00""","{""N_R"":50,""N_B"":50,""K"":2}","""cuda:0""",4,0,12.585426506120712,200,571146,"""had""","""0dfd9f4beffe41c1a5c1f5f82c34e1b8""","""cost:R4""","""learned""",281738,571146,6.108087472966872,14.718121747137047,15.129048508242704,1
"""main0923""","""train""","""regir_untied4_sg""",1,"""2026-09-30T04:53:39+00:00""","{""N_R"":10,""N_B"":10,""K"":2}","""cuda:0""",4,0,12.599674024386331,200,571146,"""had""","""b72dcb511f9d41d1a99406d29804a4f9""","""cost:R4""","""learned""",281738,571146,5.951066763373092,14.637385786045343,15.045521024148911,1
"""main0923""","""train""","""regir_untied4_sg""",1,"""2026-09-30T04:53:44+00:00""","{""N_R"":50,""N_B"":50,""K"":2}","""cuda:0""",4,0,12.584240001160651,200,571146,"""had""","""b72dcb511f9d41d1a99406d29804a4f9""","""cost:R4""","""learned""",281738,571146,6.048425755579956,13.709803490201011,15.092182232183404,1
"""main0923""","""train""","""regir_untied4_sg""",2,"""2026-09-30T04:53:47+00:00""","{""N_R"":10,""N_B"":10,""K"":2}","""cuda:0""",4,0,6.716581498039886,200,571146,"""had""","""33a073af9f194d3f81644025e5c39111""","""cost:R4""","""learned""",281738,571146,3.856364986859262,12.597893757629208,12.78851539536845,1
"""main0923""","""train""","""regir_untied4_sg""",2,"""2026-09-30T04:53:52+00:00""","{""N_R"":50,""N_B"":50,""K"":2}","""cuda:0""",4,0,10.285618511261418,200,571146,"""had""","""33a073af9f194d3f81644025e5c39111""","""cost:R4""","""learned""",281738,571146,3.784533269936219,12.672694239881821,12.827816061326303,1
"""main0923""","""train""","""transfqmix""",0,"""2026-09-30T04:53:53+00:00""","{""N_R"":10,""N_B"":10,""K"":2}","""cuda:0""",null,0,1.1855235206894577,200,100618,"""had""","""ba6ad0aad4844160892a1bc20a57e682""","""cost""","""learned""",50441,100618,0.9225360117852688,4.82876697788015,4.946784963249229,1
"""main0923""","""train""","""transfqmix""",0,"""2026-09-30T04:53:56+00:00""","{""N_R"":50,""N_B"":50,""K"":2}","""cuda:0""",null,0,1.066199503839016,200,100618,"""had""","""ba6ad0aad4844160892a1bc20a57e682""","""cost""","""learned""",50441,100618,0.9237227350240573,4.83232899568975,4.964476136956364,1
"""main0923""","""train""","""transfqmix""",1,"""2026-09-30T04:53:57+00:00""","{""N_R"":10,""N_B"":10,""K"":2}","""cuda:0""",null,0,1.0846025252249092,200,100618,"""had""","""55ae92a6386a4ba3919d33fb1966e070""","""cost""","""learned""",50441,100618,0.9249099966837093,4.859340537223034,4.9784857605118304,1
"""main0923""","""train""","""transfqmix""",1,"""2026-09-30T04:54:00+00:00""","{""N_R"":50,""N_B"":50,""K"":2}","""cuda:0""",null,0,0.9326274739578366,200,100618,"""had""","""55ae92a6386a4ba3919d33fb1966e070""","""cost""","""learned""",50441,100618,0.9201610228046775,4.858746731770225,4.984660161426291,1
"""main0923""","""train""","""transfqmix""",2,"""2026-09-30T04:54:02+00:00""","{""N_R"":10,""N_B"":10,""K"":2}","""cuda:0""",null,0,4.225023003527895,200,100618,"""had""","""0a9f5fd11b1f4f0daaccc0e617fc3290""","""cost""","""learned""",50441,100618,1.1884919949807227,4.898817991488613,4.997721200925298,1
"""main0923""","""train""","""transfqmix""",2,"""2026-09-30T04:54:04+00:00""","{""N_R"":50,""N_B"":50,""K"":2}","""cuda:0""",null,0,1.1130979983136058,200,100618,"""had""","""0a9f5fd11b1f4f0daaccc0e617fc3290""","""cost""","""learned""",50441,100618,0.9213479934260249,4.888429757556878,4.985669089364819,1
