epoch,train_loss,validation_score,core_validation_brier,core_validation_auc,core_validation_time_mae_steps,core_validation_joint_nll,epoch_seconds
1,2.310918705207811,0.26212623326195106,0.1497536751450382,0.8478667202961293,4.285694122314453,1.8188817501068115,1.1980244000442326
2,1.9361653761541153,0.24606166329058754,0.1411051103082572,0.8641787622621668,4.006688117980957,1.6984622478485107,0.726660699932836
3,1.8357978091336866,0.2390376858073427,0.13705005448638932,0.8710427546916921,3.9412035942077637,1.645632266998291,0.8693914000177756
4,1.795616363708444,0.23950051013871337,0.13705104891701841,0.8742829851701832,4.021881103515625,1.6468011140823364,0.8242385999765247
5,1.761887170763447,0.23518771055101517,0.13605016234277847,0.8756368586125226,3.840258836746216,1.5987250804901123,0.9132811999879777
6,1.7267483055615138,0.23170098554758187,0.13364217412141913,0.8797257131653449,3.88482403755188,1.5726938247680664,0.8613099999492988
7,1.69491586612297,0.22811116398826325,0.13211734117522916,0.8820553736492922,3.7671947479248047,1.5431569814682007,0.877147699939087
8,1.6681941461089147,0.22939751195175687,0.13277896212799586,0.8800895151629978,3.8684628009796143,1.5455247163772583,0.8953893999569118
9,1.6452525556523268,0.22874626383290442,0.13190489634976538,0.8831415160022522,3.828791856765747,1.553948163986206,0.8616369999945164
10,1.6250422779640277,0.2233477657644471,0.129882875045987,0.8832580201710769,3.759387254714966,1.493359088897705,0.8606004000175744
11,1.5936562733832031,0.22371668197787453,0.13055120565570044,0.8841602928478908,3.700500965118408,1.4932594299316406,0.8439453000901267
12,1.5694907782441638,0.22459657562138996,0.13104598176839313,0.8880430184162964,3.677780866622925,1.503233790397644,0.8536073999712244
13,1.5610472721564306,0.21712109117804035,0.12609375505743486,0.8908123494206381,3.631608247756958,1.4573858976364136,0.8526142000919208
14,1.5338394347533275,0.21862919983356577,0.12798776564090827,0.8903744685987564,3.6312296390533447,1.449705719947815,0.8407107000239193
15,1.5069796877841366,0.21640507335038678,0.1250410615858604,0.8940798806103736,3.6414880752563477,1.4631314277648926,0.8181542000966147
16,1.4898893976511076,0.2154593365799663,0.12564870172851061,0.8927998486883756,3.5500338077545166,1.441209316253662,0.8494465000694618
17,1.476150708303409,0.214504601358557,0.12510729849257496,0.8933168385461026,3.534595489501953,1.4344865083694458,0.832279400085099
18,1.456888586368516,0.21569238741129554,0.12649133999079382,0.8913318098475784,3.56304931640625,1.4277160167694092,0.8838882999261841
19,1.445851126484262,0.21387362570590013,0.12542752117938036,0.894096043590054,3.525463342666626,1.416375756263733,0.9037055999506265
20,1.425773563684051,0.21429663514905034,0.12444128846936282,0.8953970850382141,3.6654372215270996,1.43056321144104,0.7637072000652552
21,1.4136745936838195,0.21051469249855578,0.12336858434807361,0.897065586232828,3.4828898906707764,1.394633173942566,0.6874310000566766
22,1.3996313296707414,0.21217172656209843,0.12378834400327579,0.8957028044977745,3.5740745067596436,1.4102602005004883,0.7756593999220058
23,1.3852982548208113,0.21321524596022867,0.12525764679717324,0.8961444168004066,3.4943501949310303,1.4097169637680054,0.7662052999949083
24,1.367186109851413,0.211884582065835,0.1245276653998041,0.895466768019967,3.4828288555145264,1.398855447769165,0.7376412999583408
25,1.3642792021742411,0.21095818549803652,0.12312616974524415,0.8973561036294102,3.4826385974884033,1.4083764553070068,0.7940568999620155
26,1.3582537816758893,0.21167357039155604,0.12429986190499905,0.8951842584293365,3.4979686737060547,1.3976773023605347,0.8154953999910504
27,1.341645941966404,0.21069206033355303,0.12433362994796342,0.8960273041604878,3.4849743843078613,1.3786711692810059,0.826003700029105
28,1.3251901108583375,0.21418869967313534,0.12511602754445797,0.8974253100629502,3.556518077850342,1.4258016347885132,0.8195948000065982
29,1.3197926092774355,0.21176914870177985,0.12427834569846867,0.8967719088735376,3.469681739807129,1.4028478860855103,0.8140925000188872
30,1.3090910524387878,0.21242479659764715,0.12526794888226933,0.8942077589052297,3.5522778034210205,1.387909173965454,0.8129370000679046
31,1.3009447449488223,0.21487981253704835,0.125947543917511,0.8947459377655143,3.5187015533447266,1.4267752170562744,0.8130713000427932
32,1.288171577767974,0.21237843523004413,0.12567125329950213,0.8947839706936594,3.475928544998169,1.386550784111023,0.8754877999890596
33,1.282460777212432,0.2105075107703432,0.12346720563270892,0.8981856546159253,3.448326587677002,1.3959734439849854,0.8319356000283733
34,1.2758590478958483,0.2120241495668706,0.12432972279189197,0.8954766878929061,3.5153870582580566,1.402349829673767,0.8508400999708101
35,1.2602502178097361,0.21223622007588588,0.12502831502179348,0.8950110828116465,3.465541124343872,1.397603988647461,0.8145666000200436
36,1.2570313252586232,0.2118799431995025,0.12482481677089839,0.8944647687902771,3.48850679397583,1.3922518491744995,0.8442710000090301
37,1.242616186837233,0.21095781547412223,0.12418084127291983,0.8956002950994745,3.4919660091400146,1.3863428831100464,0.8704234999604523
38,1.2381472826808329,0.2172533052732516,0.1296252375413943,0.8946505999859189,3.49074387550354,1.403486967086792,0.8248779999557883
39,1.2207035521957166,0.21399118264944444,0.12624477704794296,0.8944543783072699,3.5187792778015137,1.403050184249878,0.7931023000273854
40,1.2190686326783522,0.2162826555213072,0.127635733409796,0.892239699755265,3.584519147872925,1.4144865274429321,0.8694295999594033
41,1.2074893016015638,0.21481636289655637,0.12698406223356196,0.8973121084686309,3.4500489234924316,1.4116411209106445,0.8091885999310762
42,1.1967514904786678,0.21304962882895934,0.12511455306907163,0.8975336471602814,3.445128917694092,1.4141886234283447,0.8307596000377089
43,1.1937797286276777,0.21224533180718969,0.12367919187074256,0.8968235006417076,3.506791114807129,1.42064368724823,0.8001817000331357
44,1.1835461147420911,0.2149345774674421,0.12594323349237496,0.8941654060856873,3.5487210750579834,1.4249547719955444,0.8050191999645904
45,1.1869789723495414,0.21705601473793046,0.12807213445648208,0.8931391218740872,3.533785104751587,1.4262990951538086,0.8495667000534013
46,1.1652973396294815,0.21407428921645294,0.12535921276991976,0.8962227705532357,3.4923887252807617,1.425062656402588,0.8498528000200167
47,1.1580293242384179,0.216854897900348,0.1277439405162385,0.892764244400441,3.5307202339172363,1.4291471242904663,0.864066299982369
48,1.1576643856213138,0.21817607247148474,0.12751889788423498,0.8922370113801709,3.6156046390533447,1.4515830278396606,0.8009740000125021
49,1.1509520527700234,0.2184816653412568,0.12750824758231513,0.8932417669572484,3.588545083999634,1.4606138467788696,0.8623476000502706
50,1.1401196773401665,0.21554293069938668,0.12670263323883066,0.8940872827636076,3.5068793296813965,1.426118016242981,0.7688502999953926
51,1.126353886035455,0.21837598193538527,0.12876530636203626,0.8911374174060227,3.5989112854003906,1.432322382926941,0.7194362999871373
