method,seed,config,round,n,norm,ratio,cosine
regir_kv0_sg,0,10v10_K2,0,110,3.0855547829107803,,0.33239473057064145
regir_kv0_sg,0,10v10_K2,1,110,7.52842546376315,2.439893631271442,0.5088829916309227
regir_kv0_sg,0,10v10_K2,2,110,14.031904584711247,1.8638564799839668,0.6718042147430506
regir_kv0_sg,0,10v10_K2,3,110,20.344649679010566,1.4498851211671935,0.7461271435022354
regir_kv0_sg,0,10v10_K2,4,110,26.48427331230857,1.301780749738454,0.7940763917836275
regir_kv0_sg,0,10v10_K2,5,110,32.61336146267978,1.2314236859775463,0.8244083279913123
regir_kv0_sg,0,10v10_K2,6,110,38.741342561895195,1.187897868369926,0.8430406061085788
regir_kv0_sg,0,10v10_K2,7,110,44.86044394753196,1.1579475821174905,0.8558251863176173
regir_kv0_sg,0,10v10_K2,8,110,50.98073232824152,1.1364295098788533,0.8657431927594271
regir_kv0_sg,0,50v50_K2,0,120,3.2871580262978872,,0.44191958842178186
regir_kv0_sg,0,50v50_K2,1,120,7.348733588059743,2.235588775856981,0.566170285269618
regir_kv0_sg,0,50v50_K2,2,120,13.810960268974304,1.8793660300074582,0.6998095420499643
regir_kv0_sg,0,50v50_K2,3,120,20.429760511716207,1.4792425808081382,0.7583681377271811
regir_kv0_sg,0,50v50_K2,4,120,26.848922991752623,1.3142064478120097,0.7909342899918557
regir_kv0_sg,0,50v50_K2,5,120,33.17120402654012,1.235476150634778,0.8109465271234513
regir_kv0_sg,0,50v50_K2,6,120,39.424435170491535,1.1885138428785473,0.8250077987710634
regir_kv0_sg,0,50v50_K2,7,120,45.640565633773804,1.157672023363189,0.836029718319575
regir_kv0_sg,0,50v50_K2,8,120,51.8370659828186,1.1357673872573442,0.84526610126098
regir_kv0_sg,1,10v10_K2,0,110,3.690608472173864,,0.30507320124994625
regir_kv0_sg,1,10v10_K2,1,110,9.527173536474054,2.5814641700159275,0.5517809380861846
regir_kv0_sg,1,10v10_K2,2,110,15.212701199271462,1.5967696128375117,0.6731857882304625
regir_kv0_sg,1,10v10_K2,3,110,20.119621372222902,1.3225541676442334,0.7063119636340575
regir_kv0_sg,1,10v10_K2,4,110,24.38158382068981,1.2118311458063005,0.7185381976040927
regir_kv0_sg,1,10v10_K2,5,110,28.239979137073863,1.158250396888076,0.724087932434949
regir_kv0_sg,1,10v10_K2,6,110,31.831285268610173,1.1271709909594654,0.725905854864554
regir_kv0_sg,1,10v10_K2,7,110,35.23675559650768,1.1069850085901416,0.725438225811178
regir_kv0_sg,1,10v10_K2,8,110,38.50995942896063,1.0928917483191147,0.7236254152926531
regir_kv0_sg,1,50v50_K2,0,120,3.863136516014735,,0.41853805879751843
regir_kv0_sg,1,50v50_K2,1,120,9.006990067164104,2.3315225930601695,0.614430493550996
regir_kv0_sg,1,50v50_K2,2,120,14.485530376434326,1.6082542856622877,0.7251002252101898
regir_kv0_sg,1,50v50_K2,3,120,19.220302319526674,1.3268621734966002,0.7540124187866847
regir_kv0_sg,1,50v50_K2,4,120,23.404420336087544,1.2176926224677567,0.763390679905812
regir_kv0_sg,1,50v50_K2,5,120,27.237987661361693,1.1637967217399154,0.7675551186005275
regir_kv0_sg,1,50v50_K2,6,120,30.83970848719279,1.1322315315877869,0.769893383483092
regir_kv0_sg,1,50v50_K2,7,120,34.28075065612793,1.1115782975174406,0.7715401701629162
regir_kv0_sg,1,50v50_K2,8,120,37.60526185035705,1.096978949719552,0.7729208243389925
regir_kv0_sg,2,10v10_K2,0,110,3.082314879244024,,0.350094007243487
regir_kv0_sg,2,10v10_K2,1,110,7.192910090359774,2.333606517230298,0.37815881433872905
regir_kv0_sg,2,10v10_K2,2,110,13.567096467451616,1.886176289848914,0.5811148728159341
regir_kv0_sg,2,10v10_K2,3,110,19.923188495635987,1.4684931697384969,0.6773388495499437
regir_kv0_sg,2,10v10_K2,4,110,26.154277368025348,1.3127556050455593,0.7391698965294795
regir_kv0_sg,2,10v10_K2,5,110,32.42993054823442,1.2399474889671893,0.7831106582825834
regir_kv0_sg,2,10v10_K2,6,110,38.793913494456895,1.196237945584159,0.8134853541851044
regir_kv0_sg,2,10v10_K2,7,110,45.23330352089622,1.1659896990634735,0.8346950344064019
regir_kv0_sg,2,10v10_K2,8,110,51.73391043923118,1.1437128489925992,0.8503053857521577
regir_kv0_sg,2,50v50_K2,0,120,3.210365426540375,,0.4616141881793737
regir_kv0_sg,2,50v50_K2,1,120,6.9263162096341455,2.1574852982073867,0.4743108908645809
regir_kv0_sg,2,50v50_K2,2,120,12.94416429201762,1.8688381962713398,0.6537452769155304
regir_kv0_sg,2,50v50_K2,3,120,19.061248071988423,1.472574639966759,0.739404442658027
regir_kv0_sg,2,50v50_K2,4,120,25.18232707977295,1.3211268739941429,0.79079035744071
regir_kv0_sg,2,50v50_K2,5,120,31.408525657653808,1.247244766464887,0.8245557116965453
regir_kv0_sg,2,50v50_K2,6,120,37.7465117931366,1.2017919021276413,0.8476848306755225
regir_kv0_sg,2,50v50_K2,7,120,44.18686097462972,1.17062104219824,0.8645168960094451
regir_kv0_sg,2,50v50_K2,8,120,50.72176055908203,1.1478923698201686,0.877406523625056
regir_kv0_sg,3,10v10_K2,0,110,3.003301384232261,,0.3682744112204422
regir_kv0_sg,3,10v10_K2,1,110,6.7654044368050315,2.2526558514321344,0.45119895383038305
regir_kv0_sg,3,10v10_K2,2,110,11.143683364174583,1.6471570130458006,0.6281958869912407
regir_kv0_sg,3,10v10_K2,3,110,15.65999437678944,1.4052799119485195,0.7162570335648276
regir_kv0_sg,3,10v10_K2,4,110,20.39989329251376,1.302675646087689,0.769560791958462
regir_kv0_sg,3,10v10_K2,5,110,25.35961839502508,1.2431250512634502,0.806738631291823
regir_kv0_sg,3,10v10_K2,6,110,30.51669233495539,1.2033577106563242,0.8339696461504156
regir_kv0_sg,3,10v10_K2,7,110,35.83692266290838,1.1743383676565406,0.8545429506085136
regir_kv0_sg,3,10v10_K2,8,110,41.287875123457475,1.152104367660756,0.8704558811404488
regir_kv0_sg,3,50v50_K2,0,120,3.142203716437022,,0.47615091217060884
regir_kv0_sg,3,50v50_K2,1,120,6.568790527184804,2.0905043466224478,0.5421484984457493
regir_kv0_sg,3,50v50_K2,2,120,10.641189114252727,1.6199617068339118,0.6977590297659239
regir_kv0_sg,3,50v50_K2,3,120,14.763774625460307,1.3874177469213305,0.7693235988418261
regir_kv0_sg,3,50v50_K2,4,120,19.17717967828115,1.2989347348346725,0.8113698234160741
regir_kv0_sg,3,50v50_K2,5,120,23.85086054801941,1.2437105428506452,0.8393646652499834
regir_kv0_sg,3,50v50_K2,6,120,28.723358599344888,1.2042902410802152,0.8593456079562505
regir_kv0_sg,3,50v50_K2,7,120,33.75314113299052,1.1751112258077072,0.8744003742933273
regir_kv0_sg,3,50v50_K2,8,120,38.91286948521932,1.152866612677587,0.8862074762582779
regir_kv0_sg,4,10v10_K2,0,110,3.7486535787582396,,0.3341095672412352
regir_kv0_sg,4,10v10_K2,1,110,7.715484450080178,2.058201508349558,0.4550293026661331
regir_kv0_sg,4,10v10_K2,2,110,14.886736176230691,1.9294622745401284,0.6901118283922022
regir_kv0_sg,4,10v10_K2,3,110,21.142407365278764,1.4202177774223177,0.7727076947689057
regir_kv0_sg,4,10v10_K2,4,110,26.55703535079956,1.256102717726128,0.8145678921179338
regir_kv0_sg,4,10v10_K2,5,110,31.57343434420499,1.1888915282576675,0.8426510940898548
regir_kv0_sg,4,10v10_K2,6,110,36.402859011563386,1.152958484487602,0.8633343003012918
regir_kv0_sg,4,10v10_K2,7,110,41.14107830741189,1.1301606364034047,0.8791508669202978
regir_kv0_sg,4,10v10_K2,8,110,45.83524384932085,1.114099234512851,0.8917306769977916
regir_kv0_sg,4,50v50_K2,0,120,3.898235249519348,,0.4317180604984363
regir_kv0_sg,4,50v50_K2,1,120,7.535547371705373,1.9330663465306528,0.5643302999436856
regir_kv0_sg,4,50v50_K2,2,120,14.794771973292033,1.963330763315714,0.7649567638834317
regir_kv0_sg,4,50v50_K2,3,120,21.380848836898803,1.445162444916093,0.8356060189505418
regir_kv0_sg,4,50v50_K2,4,120,27.23072821299235,1.273603701177565,0.8713885620236397
regir_kv0_sg,4,50v50_K2,5,120,32.686607948939006,1.2003574672433308,0.8948784376184146
regir_kv0_sg,4,50v50_K2,6,120,37.93575873374939,1.160590257423171,0.9118114327390988
regir_kv0_sg,4,50v50_K2,7,120,43.07416599591573,1.1354502304337721,0.9245180149873098
regir_kv0_sg,4,50v50_K2,8,120,48.15515553156535,1.1179590926062597,0.9343009740114212
