method,seed,config,round,n,alpha,cosine,spread,readout_norm,xcos_fused,xcos_round,token_n,mean_norm,sum_sq,shift_from_10v10
regir_kv0_sg,2,10v10_K2,0,734,,0.3704155799795287,0.7767969270238293,,0.5723536819147091,,10108,2.0406729488498514,178962.65810203552,
regir_kv0_sg,2,10v10_K2,1,734,0.9073703074377355,0.38869957664478344,0.7225467643173871,8.561434370620374,,0.5799730709937965,10108,4.591483422702856,576770.9671173096,
regir_kv0_sg,2,10v10_K2,2,734,0.0826834435137806,0.5937088082323835,0.5886202423030485,13.159224767451066,,0.5266011728832644,10108,10.923218620151529,2086130.3049926758,
regir_kv0_sg,2,10v10_K2,3,734,0.0078011107832509745,0.6912943260549002,0.5183924979235329,18.263943477287604,,0.6453357100944052,10108,17.08585213778584,4498311.989013672,
regir_kv0_sg,2,10v10_K2,4,734,0.00214513716683595,0.750699964868929,0.4725485958934145,23.92008580303972,,0.7334175379556453,10108,23.083512707346785,7697966.06262207,
regir_kv0_sg,2,10v10_K3,0,722,,0.3774170271078813,0.7750037845530243,,0.6004688296791004,,10627,1.912462591665908,174530.44845581055,0.003330540061271583
regir_kv0_sg,2,10v10_K3,1,722,0.9024204798249161,0.4135259967774528,0.7138156269628131,8.489206369233594,,0.6135040996769755,10627,4.614433163959666,605856.3816070557,0.0027022930420857153
regir_kv0_sg,2,10v10_K3,2,722,0.08688000949195639,0.6162002131204853,0.5795111079049782,12.88785764649304,,0.543341998438935,10627,11.307003349983667,2312966.483520508,0.004335428507960904
regir_kv0_sg,2,10v10_K3,3,722,0.008909036016245719,0.7086810069252817,0.5120017972118265,18.061500260044003,,0.6396386515268165,10627,17.600665802511585,4971289.803588867,0.004465183855733649
regir_kv0_sg,2,10v10_K3,4,722,0.0017904779187748444,0.7633608823485458,0.46858562728614805,23.738778383778072,,0.7351399455103815,10627,23.614579769322173,8424600.299804688,0.004298794171447812
regir_kv0_sg,2,30v30_K12,0,764,,0.45887049807853453,0.7338558003342028,,0.579680483987821,,32294,1.9177417811963975,532555.4337272644,0.008575337093257253
regir_kv0_sg,2,30v30_K12,1,764,0.8852919128379683,0.5141620213654853,0.6654313324731865,7.593612661848518,,0.6111075275598074,32294,4.913514050344409,1895442.5039978027,0.01435739269000043
regir_kv0_sg,2,30v30_K12,2,764,0.0878044229756804,0.6963618763550786,0.5308626143335405,12.61082800208586,,0.4977280235757212,32294,12.097060602813613,7564861.117675781,0.02839500301002155
regir_kv0_sg,2,30v30_K12,3,764,0.020363608024292247,0.7658141968483118,0.4719611849407042,18.43946760237529,,0.5682508481978592,32294,18.678249247959865,16272528.11303711,0.033461478179023445
regir_kv0_sg,2,30v30_K12,4,764,0.00654005961868327,0.8030906924700777,0.43674626548960915,24.345550545847228,,0.6589322667978295,32294,24.86568742908767,27407944.177734375,0.03561102393610974
regir_kv0_sg,2,30v30_K2,0,770,,0.43702996655873766,0.743518781059058,,0.5782505454294182,,24370,2.298557149121855,474503.12985801697,0.009166439239878105
regir_kv0_sg,2,30v30_K2,1,770,0.8990531084454292,0.4416907970904259,0.703101717472811,7.682087942222496,,0.6152025556946928,24370,4.950645376182893,1454466.1738128662,0.010481353001333524
regir_kv0_sg,2,30v30_K2,2,770,0.08549333836001877,0.6323000132276129,0.5759613205475831,12.204375731480585,,0.5127319511881954,24370,11.19073929517874,5069779.446899414,0.01147711848299965
regir_kv0_sg,2,30v30_K2,3,770,0.013384012750413586,0.7188546281944217,0.5100417781171052,17.791086344285446,,0.6118562089480661,24370,17.387945089116737,10902194.413208008,0.013613050252123162
regir_kv0_sg,2,30v30_K2,4,770,0.0020695433875335405,0.7689445602798095,0.4675493118247967,23.758316816602434,,0.68937323888059,24370,23.471374085749023,18685680.60119629,0.015484451020801288
regir_kv0_sg,2,50v50_K2,0,777,,0.45826787517494927,0.734641427748713,,0.5432871257644196,,37375,2.4155462185463534,754129.4995613098,0.018209311308537826
regir_kv0_sg,2,50v50_K2,1,777,0.850641755502666,0.4611717965864196,0.6966317308078227,7.38018774372577,,0.6198219008378151,37375,5.057130572708393,2241715.3630981445,0.018393301525912974
regir_kv0_sg,2,50v50_K2,2,777,0.1076022806596595,0.6460296875908392,0.5680894243508077,12.110987913040887,,0.48546634540110034,37375,11.183242847711535,7634238.26763916,0.018169141563411935
regir_kv0_sg,2,50v50_K2,3,777,0.03110687066909662,0.7303930992212982,0.5014916814108459,17.896664554394658,,0.5594625100913391,37375,17.31727868611613,16365722.686889648,0.02048251422950823
regir_kv0_sg,2,50v50_K2,4,777,0.010649092410811467,0.7798987370656842,0.45818640190242055,23.962610372398505,,0.6486519867608654,37375,23.384665652844166,28097062.27404785,0.022571600444197374
regir_kv0_sg,0,10v10_K2,0,734,,0.34410968700244104,0.7855585742658143,,0.5602573008711511,,10108,2.150786714262292,194637.7399711609,
regir_kv0_sg,0,10v10_K2,1,734,0.9076028306385958,0.5158164035357146,0.6585644986888337,6.740798675721607,,0.5787761010296509,10108,5.7805269984151115,707565.9440002441,
regir_kv0_sg,0,10v10_K2,2,734,0.08248744444076432,0.6707811949592233,0.5417272821239172,9.89943970191706,,0.3982947858881406,10108,12.544531793834432,2403981.653198242,
regir_kv0_sg,0,10v10_K2,3,734,0.009165098066808753,0.7410085565586215,0.49151970789090144,14.348174093854524,,0.6086094352321889,10108,19.032272699644988,5120960.914306641,
regir_kv0_sg,0,10v10_K2,4,734,0.0007446300143528677,0.7852417932644619,0.4576703063333667,19.53616087313244,,0.7399511041264691,10108,25.231495773629888,8688787.427612305,
regir_kv0_sg,0,10v10_K3,0,722,,0.34355606330407545,0.7908472038395832,,0.5888651769654536,,10627,1.9584604024425152,187052.66170597076,0.003754449743869328
regir_kv0_sg,0,10v10_K3,1,722,0.9144581978407964,0.5376308310497167,0.652114844904196,6.71279336540983,,0.6035873157244106,10627,5.799778562293654,740181.9794006348,0.0028608590915615894
regir_kv0_sg,0,10v10_K3,2,722,0.08045800811569305,0.6943981434899771,0.5299432879829867,10.08025788633447,,0.40669926701356535,10627,12.602606262337218,2516181.3213500977,0.003325429553944404
regir_kv0_sg,0,10v10_K3,3,722,0.0048837468907490245,0.7627750773233323,0.4782563030811952,14.652863031609236,,0.5898844999151293,10627,19.12041412640316,5351873.46496582,0.0037416811523132815
regir_kv0_sg,0,10v10_K3,4,722,0.00020004821227984136,0.8052932976878143,0.4433777232885823,19.835777982780478,,0.7323296960639936,10627,25.350969803776128,9074855.134399414,0.004165471983618981
regir_kv0_sg,0,30v30_K12,0,764,,0.40771970092317417,0.7707237936594613,,0.6501342854104363,,32294,1.8846184426003623,557808.5237426758,0.008959352474981466
regir_kv0_sg,0,30v30_K12,1,764,0.9313910681759227,0.5957909621243301,0.6309692793004849,6.019422323603905,,0.6639193912845228,32294,5.966667413470351,2306536.7310791016,0.01469457235565973
regir_kv0_sg,0,30v30_K12,2,764,0.0631243609562914,0.7410624721210686,0.5027045786105147,9.160122996225407,,0.48639490454877304,32294,13.035003061221305,7959559.841064453,0.023638505584600625
regir_kv0_sg,0,30v30_K12,3,764,0.004838832106400735,0.7996289457690937,0.4485669370660271,14.315999298819698,,0.6489332918957859,32294,19.842426331838432,17050836.967529297,0.030121245442381647
regir_kv0_sg,0,30v30_K12,4,764,0.000645744885152961,0.831793910768041,0.4147868716239626,19.9757079404062,,0.7619532706461601,32294,26.313969979184698,28978239.955566406,0.03470460632161284
regir_kv0_sg,0,30v30_K2,0,770,,0.4192229551127114,0.7465002716736301,,0.5953859374933952,,24370,2.452447307176268,521387.6323404312,0.008418688870465573
regir_kv0_sg,0,30v30_K2,1,770,0.9187848714168195,0.5557348736455493,0.6452244209986815,6.33519147649988,,0.618117395040856,24370,5.9747047057583575,1771292.9701004028,0.009310749368653035
regir_kv0_sg,0,30v30_K2,2,770,0.0713613364648591,0.6973899289987626,0.5327622468551817,9.090813889441552,,0.45189954397092397,24370,12.812840366404629,5924983.318511963,0.01199521356819256
regir_kv0_sg,0,30v30_K2,3,770,0.008135835911639444,0.759451827966053,0.4836080985823978,13.505800894328527,,0.623564465910297,24370,19.499198878102717,12702713.550048828,0.014984005100700505
regir_kv0_sg,0,30v30_K2,4,770,0.0017179580463771923,0.7952915554422314,0.4523134333004782,18.744288932503043,,0.7504719092938545,24370,25.874468769585192,21656630.372924805,0.017159849576317377
regir_kv0_sg,0,50v50_K2,0,777,,0.4425487373625179,0.7369554547651657,,0.6017842449751789,,37375,2.60357969666004,842759.5700750351,0.017896098137254943
regir_kv0_sg,0,50v50_K2,1,777,0.9211950698655286,0.5685904965974853,0.6409122543182868,6.114377397061008,,0.6232457789901239,37375,6.05394579060856,2743226.3438796997,0.01759378905683439
regir_kv0_sg,0,50v50_K2,2,777,0.06549337035483607,0.7070411491442656,0.5286328170666287,8.670848660794311,,0.4674077976386332,37375,12.965547318372039,9216286.957855225,0.023400351482940365
regir_kv0_sg,0,50v50_K2,3,777,0.011543131049562966,0.7677652149567105,0.4786736009917522,13.0698994356693,,0.6232089459678697,37375,19.783153541550863,19896127.86755371,0.02994620374908966
regir_kv0_sg,0,50v50_K2,4,777,0.0017684304444693718,0.8024372641163074,0.4473292990636399,18.160513283816698,,0.7430406134249519,37375,26.258946763864426,33984700.11395264,0.03447807904259392
regir_kv0_sg,1,10v10_K2,0,734,,0.32406409923652607,0.7853606384677251,,0.4293709538966239,,10108,2.27299108778942,266696.7504272461,
regir_kv0_sg,1,10v10_K2,1,734,0.8426065790227155,0.5676369211918795,0.6268652822384094,7.404886617972351,,0.4364800806252096,10108,7.3683484124198815,1046833.9976806641,
regir_kv0_sg,1,10v10_K2,2,734,0.12776720735213684,0.6842868681821218,0.5256574510492443,11.211185230546166,,0.3862522764962367,10108,13.205163660836208,2621560.5443725586,
regir_kv0_sg,1,10v10_K2,3,734,0.026717830073338847,0.7170786437560737,0.49632751247717727,15.253261915019813,,0.48911841943425066,10108,17.92804969818812,4606854.940917969,
regir_kv0_sg,1,10v10_K2,4,734,0.0029083821650822367,0.7286432199310502,0.4887333653296422,19.51410661731169,,0.585372104764007,10108,21.81428935125565,6787986.508178711,
regir_kv0_sg,1,10v10_K3,0,722,,0.32398517014381123,0.7891470901923208,,0.4937921488196271,,10627,2.0515088586407075,259158.70791053772,0.003972490453308343
regir_kv0_sg,1,10v10_K3,1,722,0.8384178190850369,0.5934729651455735,0.6115944317358843,7.393875638533827,,0.4970179416661538,10627,7.576311853185985,1131742.7780456543,0.0036824843615206205
regir_kv0_sg,1,10v10_K3,2,722,0.12169542916013003,0.7098177987768683,0.508895552508458,11.281912647786234,,0.403481562286384,10627,13.706661764605121,2913498.0204467773,0.006421794288438283
regir_kv0_sg,1,10v10_K3,3,722,0.034120087192294646,0.7398311259919111,0.4808927471177135,15.255183534278764,,0.4820911964366895,10627,18.67234076526223,5177424.752563477,0.008091273929954427
regir_kv0_sg,1,10v10_K3,4,722,0.005766666334001576,0.7495837537022608,0.47461070840386604,19.452649635621384,,0.5704115643628774,10627,22.773084754995132,7675658.774169922,0.00909132441947895
regir_kv0_sg,1,30v30_K12,0,764,,0.391547420344981,0.7660092565918639,,0.45889217872492416,,32294,1.969960562028198,792162.9616394043,0.01070295755076283
regir_kv0_sg,1,30v30_K12,1,764,0.8881674695373205,0.6565495508771253,0.5722839862395978,6.933022134279081,,0.46410994917399934,32294,8.085780679443099,3694065.1130371094,0.02423211024389507
regir_kv0_sg,1,30v30_K12,2,764,0.07782418283681734,0.7679517957849701,0.4666473859617386,10.875621579080352,,0.45626391731919,32294,14.729398322236023,9781442.346679688,0.04653716417752982
regir_kv0_sg,1,30v30_K12,3,764,0.025158483509853342,0.7909226187283831,0.44050419572702965,15.1295334962026,,0.559028534661303,32294,20.13748624985348,17583416.051757812,0.05949818239522384
regir_kv0_sg,1,30v30_K12,4,764,0.00884986250961898,0.7957464644044049,0.433832302287304,19.555666182053653,,0.6346505661239172,32294,24.702612886888687,26327002.91748047,0.06928927227556587
regir_kv0_sg,1,30v30_K2,0,770,,0.3987942408692189,0.7508395711740282,,0.4480713664893866,,24370,2.641074420022414,713886.2470588684,0.009946242067215129
regir_kv0_sg,1,30v30_K2,1,770,0.8944694450040432,0.6042457735504669,0.6141672682440571,6.578816980820197,,0.4566454541315702,24370,7.253512517123597,2417139.352661133,0.008498478479686
regir_kv0_sg,1,30v30_K2,2,770,0.08605895165082629,0.7183223090645922,0.5117836616544834,10.6901417007694,,0.44753088854014167,24370,13.117867937412015,6104320.4904174805,0.009529691427209434
regir_kv0_sg,1,30v30_K2,3,770,0.017466904686911186,0.7476819085423356,0.4819804581810701,15.110398114811291,,0.5711041527900945,24370,17.89215007944233,10791398.290649414,0.012681966929326337
regir_kv0_sg,1,30v30_K2,4,770,0.002004698761912656,0.7564021476876169,0.47367516868661147,19.698727429996836,,0.6578795807360596,24370,21.892529054379615,16018183.560791016,0.015858334841036378
regir_kv0_sg,1,50v50_K2,0,777,,0.41898459957120904,0.7438547810450304,,0.4494934793047864,,37375,2.8210475315738126,1143433.3680915833,0.019596608907867272
regir_kv0_sg,1,50v50_K2,1,777,0.9098457076803732,0.6146864603826856,0.6081622781143373,6.333349640918668,,0.4525708402124103,37375,7.285168980169603,3696669.756652832,0.013996058186468617
regir_kv0_sg,1,50v50_K2,2,777,0.07486101228896165,0.7285031270933756,0.5028865455545252,10.612688072553166,,0.47368032156936923,37375,13.198469757824226,9362843.332214355,0.015622795613446584
regir_kv0_sg,1,50v50_K2,3,777,0.013201635424428947,0.757635983432779,0.47273630614871415,15.042425838062968,,0.6139583982223403,37375,17.983858707220666,16513247.301879883,0.02047889663953878
regir_kv0_sg,1,50v50_K2,4,777,0.002091645264831319,0.7669377665134065,0.4641275917738455,19.67737100728844,,0.6897673965839358,37375,21.99789384865006,24463036.76586914,0.02524339603422887
regir_kv0_sg,4,10v10_K2,0,734,,0.35255983492049464,0.7804000277671275,,0.5085896652827631,,10108,2.599772558347486,281076.61043167114,
regir_kv0_sg,4,10v10_K2,1,734,0.8607013193999572,0.4758271636820055,0.6726086662725737,8.137051323778948,,0.5139333945448081,10108,5.301452752612684,709312.587020874,
regir_kv0_sg,4,10v10_K2,2,734,0.08165922917251957,0.7032973736733463,0.49772284726005506,13.878954696395416,,0.5414604593889543,10108,12.989037801542828,2555197.6123046875,
regir_kv0_sg,4,10v10_K2,3,734,0.036647076985210275,0.7838778387491516,0.42293957196765863,20.585094768929547,,0.6757744898807682,10108,19.813768655072025,5294595.426635742,
regir_kv0_sg,4,10v10_K2,4,734,0.020992377564254466,0.8249119277207643,0.379143995581964,26.898624413669598,,0.765678897349465,10108,25.747484436790938,8546097.658691406,
regir_kv0_sg,4,10v10_K3,0,722,,0.3576245825563147,0.7798367961966164,,0.5839647599582717,,10627,2.429742163615105,274595.3694343567,0.003647653508535981
regir_kv0_sg,4,10v10_K3,1,722,0.8641680091763962,0.48973457205649784,0.669347089756006,8.256023092943545,,0.5854417498032591,10627,5.23923357140665,722618.3873901367,0.0024989015197113005
regir_kv0_sg,4,10v10_K3,2,722,0.08083461602402643,0.7203544106799205,0.4872719872660255,13.89164754822644,,0.5809133491183845,10627,13.090324566637028,2683976.648376465,0.0020966565469930343
regir_kv0_sg,4,10v10_K3,3,722,0.03387892481288774,0.7997916158616265,0.41193852188367436,20.66045280110473,,0.6945015622869782,10627,19.897006676029932,5547535.972412109,0.00194685639086752
regir_kv0_sg,4,10v10_K3,4,722,0.0211184524750894,0.8395628462949573,0.36798404907177856,27.131928642040474,,0.774987124271043,10627,25.772365364054355,8917036.408569336,0.0020656763652208837
regir_kv0_sg,4,30v30_K12,0,764,,0.43820946617417916,0.7439451913003413,,0.5852882564067841,,32294,2.4665274828920998,849902.8378219604,0.009648429100164132
regir_kv0_sg,4,30v30_K12,1,764,0.900640664383262,0.55998003998767,0.6424949136440594,7.182967472138829,,0.6027762037087846,32294,5.287291260213816,2180687.812438965,0.01059308982492256
regir_kv0_sg,4,30v30_K12,2,764,0.07284448923432874,0.7777637230085988,0.45566155763463845,11.915646267811042,,0.5513754673762717,32294,13.289552102030884,8230452.471435547,0.011540917675938109
regir_kv0_sg,4,30v30_K12,3,764,0.016980412279522312,0.8472510560331424,0.3809367667304759,18.231361434721823,,0.7125506740355106,32294,20.19511265803456,17068654.133544922,0.012646834975480647
regir_kv0_sg,4,30v30_K12,4,764,0.00953444092127137,0.8797456363685104,0.3392234996018409,24.384718170964906,,0.8110754629801754,32294,26.1245221785294,27422928.381347656,0.013914252912517286
regir_kv0_sg,4,30v30_K2,0,770,,0.41900832866809773,0.7490055336673462,,0.5351198299511059,,24370,2.9583148541069733,756737.5537853241,0.010223339459336072
regir_kv0_sg,4,30v30_K2,1,770,0.8790647111878452,0.5310792148719283,0.6512024434007698,7.011806901399192,,0.5488746707654886,24370,5.493080090259786,1764576.828552246,0.007622084071138927
regir_kv0_sg,4,30v30_K2,2,770,0.07437972153226849,0.7416340079176945,0.4822165474895269,12.401705718040466,,0.5585206080177748,24370,13.159453555556404,6221297.0408325195,0.009008156465726282
regir_kv0_sg,4,30v30_K2,3,770,0.026519557660254555,0.8145853993250229,0.4091665662220852,19.016920232772826,,0.6914884771748975,24370,20.31708770984425,13130062.385925293,0.013833273649651588
regir_kv0_sg,4,30v30_K2,4,770,0.020036012458202322,0.8508489057189897,0.36648728368044675,25.291029468140046,,0.7782424454753464,24370,26.640711357042502,21504201.0592041,0.019568814607706108
regir_kv0_sg,4,50v50_K2,0,777,,0.4398149331590516,0.741416399024143,,0.5136775845903854,,37375,3.1060348323465297,1205598.7969036102,0.0198720742558743
regir_kv0_sg,4,50v50_K2,1,777,0.867309246285809,0.5472665984493238,0.6454792156003742,6.533329758251343,,0.5572316561200574,37375,5.612233330367372,2755879.555847168,0.014392985063426584
regir_kv0_sg,4,50v50_K2,2,777,0.09027850960564357,0.7517925663301399,0.4776128963561697,11.656833740735147,,0.5235861425247261,37375,13.269706842883798,9631601.806152344,0.016147612403634125
regir_kv0_sg,4,50v50_K2,3,777,0.02731647406702697,0.8228370575462304,0.4047047556329217,18.03130767213485,,0.677944448136722,37375,20.551363044364606,20465502.223754883,0.024470379684517447
regir_kv0_sg,4,50v50_K2,4,777,0.015095771758985025,0.8578452306266018,0.36230830489777754,24.044964058825716,,0.7677398955138197,37375,27.050394559234476,33759776.361083984,0.034946912235546836
regir_kv0_sg,3,10v10_K2,0,734,,0.38563543410228496,0.7586648735676987,,0.6213194452794993,,10108,2.192467117057985,171047.97617912292,
regir_kv0_sg,3,10v10_K2,1,734,0.8985835698303799,0.4521806954060282,0.6919320152192291,7.616293298775884,,0.6362732429486772,10108,4.703363396711226,550029.8603363037,
regir_kv0_sg,3,10v10_K2,2,734,0.09101211081478282,0.6261020811592141,0.576224543093979,9.455831497176792,,0.5295339598735895,10108,8.783832225683373,1376519.8696899414,
regir_kv0_sg,3,10v10_K2,3,734,0.009501470958241068,0.7146947126243087,0.508251707677272,14.030233226615012,,0.7092923108254097,10108,13.036190784674629,2679738.7322387695,
regir_kv0_sg,3,10v10_K2,4,734,0.000902853427556393,0.7685366784598195,0.4617734680110142,20.848111088334377,,0.8194740933706304,10108,17.486567214877294,4516970.745239258,
regir_kv0_sg,3,10v10_K3,0,722,,0.38912158646513234,0.7605640842981676,,0.6723721972059297,,10627,2.0609744714770324,168287.00010299683,0.0033205257280982652
regir_kv0_sg,3,10v10_K3,1,722,0.8939330287669834,0.45401544876168176,0.6994889075790341,7.8314212035604465,,0.6836922169555997,10627,4.546445328549212,556875.7739105225,0.003036173347225696
regir_kv0_sg,3,10v10_K3,2,722,0.09262225925413883,0.6144515754373917,0.592889028671563,9.471508555465128,,0.5672098086042018,10627,8.537271435120838,1406899.908630371,0.005426342463747325
regir_kv0_sg,3,10v10_K3,3,722,0.011941371328828842,0.7018002457783736,0.5263280266803463,13.865698909495345,,0.7027749262565042,10627,12.718417266413946,2746228.4028320312,0.007547897912859738
regir_kv0_sg,3,10v10_K3,4,722,0.0015033411427365618,0.7579404502461783,0.47850734249332477,20.437481067847678,,0.8026840481791437,10627,17.163053218858238,4659413.9912109375,0.0089652135990784
regir_kv0_sg,3,30v30_K12,0,764,,0.4617649382675362,0.7302918704955428,,0.7245279067032203,,32294,2.0518237956463565,516449.5443572998,0.010200293504753896
regir_kv0_sg,3,30v30_K12,1,764,0.8662759471021554,0.5223878095560627,0.6770127594567394,7.570887638012152,,0.7488972586119077,32294,4.534899449170863,1686881.4692993164,0.011261469207780213
regir_kv0_sg,3,30v30_K12,2,764,0.11815290228361312,0.6614933702317239,0.5788233924322314,8.806237504432339,,0.5648794002104346,32294,8.554358983006699,4319366.89855957,0.02172819568434828
regir_kv0_sg,3,30v30_K12,3,764,0.013557506551548297,0.7422599687680274,0.5112489363722026,13.036260844525243,,0.6869539293757343,32294,12.811638865566048,8452469.280517578,0.02885693899102195
regir_kv0_sg,3,30v30_K12,4,764,0.0020136420669901968,0.7945522758315433,0.4616278711661572,19.592470187791356,,0.7852698124453916,32294,17.367990192947747,14396952.489257812,0.03355229695226222
regir_kv0_sg,3,30v30_K2,0,770,,0.4486972730856597,0.727481717576733,,0.6441394809583152,,24370,2.430085805666951,456713.1752319336,0.00822993208692352
regir_kv0_sg,3,30v30_K2,1,770,0.8849716922292462,0.5059441075907114,0.6709163708529262,6.905166364645029,,0.6632529963135115,24370,4.935464127806362,1380204.093032837,0.007262601711680015
regir_kv0_sg,3,30v30_K2,2,770,0.0990629071521145,0.6628279671387372,0.559948230184089,8.274697704748673,,0.5262009184316707,24370,8.90884927644707,3320162.9376831055,0.008416862291242687
regir_kv0_sg,3,30v30_K2,3,770,0.013935116775583003,0.7426636489043662,0.49446787242784185,12.461744040637821,,0.7034242472032437,24370,13.023463654579084,6316444.204406738,0.009868064526518875
regir_kv0_sg,3,30v30_K2,4,770,0.0020302867179453287,0.7914941963539167,0.4489856206373897,19.013226978190534,,0.8217735546615881,24370,17.336086397191444,10519119.286132812,0.011447542944347041
regir_kv0_sg,3,50v50_K2,0,777,,0.4708580625103403,0.7194040108415218,,0.6399275857895929,,37375,2.5509232420353434,730998.9971160889,0.016250858619182632
regir_kv0_sg,3,50v50_K2,1,777,0.8596529556747569,0.5232706625631344,0.6632657612314489,6.607182495995992,,0.6803166173986438,37375,5.0536403479158825,2153440.1123809814,0.013720841169478559
regir_kv0_sg,3,50v50_K2,2,777,0.1135071479273643,0.6759821446446354,0.5518072174330451,7.8434201919280735,,0.491470622261912,37375,9.01549456037447,5120599.613952637,0.01587846605386788
regir_kv0_sg,3,50v50_K2,3,777,0.020561095191322824,0.753431670093461,0.4860557374285346,11.794336434957144,,0.6429054105335683,37375,13.14935957621625,9720609.99395752,0.018849902927077004
regir_kv0_sg,3,50v50_K2,4,777,0.006278799429920025,0.8000817152213182,0.4411414005343372,18.054902111087834,,0.771415404179961,37375,17.48095460201825,16178704.11303711,0.02175900891546885
