method,seed,control,config,round,n,acc,nll
regir_kv0_intent_sg,0,trained,10v10_K2,1,14792,0.3645213679574216,1.802612305751293
regir_kv0_intent_sg,0,trained,10v10_K2,2,14792,0.3710789663556977,1.8060422092716457
regir_kv0_intent_sg,0,trained,10v10_K2,3,14792,0.368645218310786,1.8204457130849265
regir_kv0_intent_sg,0,trained,10v10_K2,4,14792,0.35884262182638493,1.849425490012744
regir_kv0_intent_sg,0,trained,10v10_K3,1,14340,0.36799163672257335,1.807156553378165
regir_kv0_intent_sg,0,trained,10v10_K3,2,14340,0.3753138134180668,1.8109629105573917
regir_kv0_intent_sg,0,trained,10v10_K3,3,14340,0.37454672783711923,1.828015496591145
regir_kv0_intent_sg,0,trained,10v10_K3,4,14340,0.36638773208148934,1.8609204027069164
regir_kv0_intent_sg,0,trained,30v30_K12,1,126058,0.3598502287898124,1.704248811115128
regir_kv0_intent_sg,0,trained,30v30_K12,2,126058,0.36510177972474755,1.7118973240009725
regir_kv0_intent_sg,0,trained,30v30_K12,3,126058,0.3599295563974915,1.73696696243542
regir_kv0_intent_sg,0,trained,30v30_K12,4,126058,0.3480620033551173,1.7801722085380032
regir_kv0_intent_sg,0,trained,30v30_K2,1,125858,0.3605412455029183,1.76902912046812
regir_kv0_intent_sg,0,trained,30v30_K2,2,125858,0.3630599547491008,1.7811616076274213
regir_kv0_intent_sg,0,trained,30v30_K2,3,125858,0.35653673315353823,1.8044672372226396
regir_kv0_intent_sg,0,trained,30v30_K2,4,125858,0.3429023199693631,1.8429404295270906
regir_kv0_intent_sg,0,trained,50v50_K2,1,333768,0.36353095684846143,1.728857244137338
regir_kv0_intent_sg,0,trained,50v50_K2,2,333768,0.3645616112539783,1.7454801001934588
regir_kv0_intent_sg,0,trained,50v50_K2,3,333768,0.35528271170903597,1.7755026270588705
regir_kv0_intent_sg,0,trained,50v50_K2,4,333768,0.3381210901898669,1.8226375554739773
regir_kv0_intent_sg,0,random_init,10v10_K2,1,14792,0.06746890345901117,2.27306021836205
regir_kv0_intent_sg,0,random_init,10v10_K2,2,14792,0.04110329995524156,2.2474384711135587
regir_kv0_intent_sg,0,random_init,10v10_K2,3,14792,0.1588696633987411,2.193875474791839
regir_kv0_intent_sg,0,random_init,10v10_K2,4,14792,0.2737966515224582,2.1361171594015516
regir_kv0_intent_sg,0,random_init,10v10_K3,1,14340,0.05683403197595411,2.2782328153421356
regir_kv0_intent_sg,0,random_init,10v10_K3,2,14340,0.04107391991168053,2.2481526177631097
regir_kv0_intent_sg,0,random_init,10v10_K3,3,14340,0.17126918133969107,2.1896688918522047
regir_kv0_intent_sg,0,random_init,10v10_K3,4,14340,0.2928172993482801,2.127448941008649
regir_kv0_intent_sg,0,random_init,30v30_K12,1,126058,0.043186470143334516,2.299222398272178
regir_kv0_intent_sg,0,random_init,30v30_K12,2,126058,0.027463548895559905,2.258337047375484
regir_kv0_intent_sg,0,random_init,30v30_K12,3,126058,0.18742166298722585,2.1795540152311146
regir_kv0_intent_sg,0,random_init,30v30_K12,4,126058,0.3383918522672236,2.092979632803267
regir_kv0_intent_sg,0,random_init,30v30_K2,1,125858,0.04470117161873798,2.299327700165636
regir_kv0_intent_sg,0,random_init,30v30_K2,2,125858,0.02836530078451563,2.2696876450332395
regir_kv0_intent_sg,0,random_init,30v30_K2,3,125858,0.17091484094927334,2.204611964535987
regir_kv0_intent_sg,0,random_init,30v30_K2,4,125858,0.3121692698563327,2.1316302589891363
regir_kv0_intent_sg,0,random_init,50v50_K2,1,333768,0.038787421242400796,2.3097850751055073
regir_kv0_intent_sg,0,random_init,50v50_K2,2,333768,0.026245775498059936,2.273332620647963
regir_kv0_intent_sg,0,random_init,50v50_K2,3,333768,0.1770990631568888,2.197792567447546
regir_kv0_intent_sg,0,random_init,50v50_K2,4,333768,0.3345497467281712,2.1127085093869473
regir_kv0_intent_sg,0,majority,10v10_K2,1,14792,0.429421308815576,0.641317446778766
regir_kv0_intent_sg,0,majority,10v10_K2,2,14792,0.429421308815576,0.641317446778766
regir_kv0_intent_sg,0,majority,10v10_K2,3,14792,0.429421308815576,0.641317446778766
regir_kv0_intent_sg,0,majority,10v10_K2,4,14792,0.429421308815576,0.641317446778766
regir_kv0_intent_sg,0,majority,10v10_K3,1,14340,0.45446304044630403,0.641317446778766
regir_kv0_intent_sg,0,majority,10v10_K3,2,14340,0.45446304044630403,0.641317446778766
regir_kv0_intent_sg,0,majority,10v10_K3,3,14340,0.45446304044630403,0.641317446778766
regir_kv0_intent_sg,0,majority,10v10_K3,4,14340,0.45446304044630403,0.641317446778766
regir_kv0_intent_sg,0,majority,30v30_K12,1,126058,0.5491757762299894,0.641317446778766
regir_kv0_intent_sg,0,majority,30v30_K12,2,126058,0.5491757762299894,0.641317446778766
regir_kv0_intent_sg,0,majority,30v30_K12,3,126058,0.5491757762299894,0.641317446778766
regir_kv0_intent_sg,0,majority,30v30_K12,4,126058,0.5491757762299894,0.641317446778766
regir_kv0_intent_sg,0,majority,30v30_K2,1,125858,0.4933734844030574,0.641317446778766
regir_kv0_intent_sg,0,majority,30v30_K2,2,125858,0.4933734844030574,0.641317446778766
regir_kv0_intent_sg,0,majority,30v30_K2,3,125858,0.4933734844030574,0.641317446778766
regir_kv0_intent_sg,0,majority,30v30_K2,4,125858,0.4933734844030574,0.641317446778766
regir_kv0_intent_sg,0,majority,50v50_K2,1,333768,0.5380054409050598,0.641317446778766
regir_kv0_intent_sg,0,majority,50v50_K2,2,333768,0.5380054409050598,0.641317446778766
regir_kv0_intent_sg,0,majority,50v50_K2,3,333768,0.5380054409050598,0.641317446778766
regir_kv0_intent_sg,0,majority,50v50_K2,4,333768,0.5380054409050598,0.641317446778766
regir_kv0_intent_sg,1,trained,10v10_K2,1,14792,0.5031773959089568,1.6593792350421794
regir_kv0_intent_sg,1,trained,10v10_K2,2,14792,0.5031097928669531,1.661659662492408
regir_kv0_intent_sg,1,trained,10v10_K2,3,14792,0.5033802109039622,1.6644142738278007
regir_kv0_intent_sg,1,trained,10v10_K2,4,14792,0.5024337511018055,1.669724335500103
regir_kv0_intent_sg,1,trained,10v10_K3,1,14340,0.5209902399342969,1.6271574585091952
regir_kv0_intent_sg,1,trained,10v10_K3,2,14340,0.5202231558639884,1.631234332245763
regir_kv0_intent_sg,1,trained,10v10_K3,3,14340,0.5190376599255633,1.6352176043777784
regir_kv0_intent_sg,1,trained,10v10_K3,4,14340,0.5164574646114305,1.6411772119034618
regir_kv0_intent_sg,1,trained,30v30_K12,1,126058,0.5453918046177636,1.5593454405788572
regir_kv0_intent_sg,1,trained,30v30_K12,2,126058,0.5432261329388459,1.5642712323858612
regir_kv0_intent_sg,1,trained,30v30_K12,3,126058,0.5412587861158169,1.5690455908075835
regir_kv0_intent_sg,1,trained,30v30_K12,4,126058,0.5378476573474764,1.5762497922987926
regir_kv0_intent_sg,1,trained,30v30_K2,1,125858,0.5058001876823222,1.6999339154002138
regir_kv0_intent_sg,1,trained,30v30_K2,2,125858,0.5031940757985189,1.7166159404643728
regir_kv0_intent_sg,1,trained,30v30_K2,3,125858,0.5006674198590425,1.7312557035023364
regir_kv0_intent_sg,1,trained,30v30_K2,4,125858,0.4976401977658032,1.7465095979800946
regir_kv0_intent_sg,1,trained,50v50_K2,1,333768,0.5327862459646634,1.6548351428229373
regir_kv0_intent_sg,1,trained,50v50_K2,2,333768,0.5287535053772661,1.6756775916759916
regir_kv0_intent_sg,1,trained,50v50_K2,3,333768,0.5243642277845872,1.6946827552496353
regir_kv0_intent_sg,1,trained,50v50_K2,4,333768,0.5192139462938489,1.71439949904565
regir_kv0_intent_sg,1,random_init,10v10_K2,1,14792,0.08808815765651441,2.195058550107408
regir_kv0_intent_sg,1,random_init,10v10_K2,2,14792,0.11796917483624093,2.2128590791853395
regir_kv0_intent_sg,1,random_init,10v10_K2,3,14792,0.09768794109317509,2.25774062677549
regir_kv0_intent_sg,1,random_init,10v10_K2,4,14792,0.0532720399669912,2.3259845765588603
regir_kv0_intent_sg,1,random_init,10v10_K3,1,14340,0.09037657095745434,2.19483920467116
regir_kv0_intent_sg,1,random_init,10v10_K3,2,14340,0.11492329396637394,2.2159866224272977
regir_kv0_intent_sg,1,random_init,10v10_K3,3,14340,0.09769874688905548,2.264434763144915
regir_kv0_intent_sg,1,random_init,10v10_K3,4,14340,0.06059972220743426,2.3364640279295057
regir_kv0_intent_sg,1,random_init,30v30_K12,1,126058,0.08200986951195771,2.1954125657895864
regir_kv0_intent_sg,1,random_init,30v30_K12,2,126058,0.10938615619891687,2.2206890747736248
regir_kv0_intent_sg,1,random_init,30v30_K12,3,126058,0.07937616099461166,2.2767024916442313
regir_kv0_intent_sg,1,random_init,30v30_K12,4,126058,0.036213489415697936,2.359737358842762
regir_kv0_intent_sg,1,random_init,30v30_K2,1,125858,0.08101988019736543,2.1967933970693845
regir_kv0_intent_sg,1,random_init,30v30_K2,2,125858,0.11048960013228326,2.2178893207444785
regir_kv0_intent_sg,1,random_init,30v30_K2,3,125858,0.08383257402995449,2.26634846823043
regir_kv0_intent_sg,1,random_init,30v30_K2,4,125858,0.0447329534927651,2.339452648801615
regir_kv0_intent_sg,1,random_init,50v50_K2,1,333768,0.08028031471042689,2.1979285819810332
regir_kv0_intent_sg,1,random_init,50v50_K2,2,333768,0.10868327691769353,2.222402958749099
regir_kv0_intent_sg,1,random_init,50v50_K2,3,333768,0.07689173329794197,2.2754514869161877
regir_kv0_intent_sg,1,random_init,50v50_K2,4,333768,0.03289410619053585,2.3543707900566644
regir_kv0_intent_sg,1,majority,10v10_K2,1,14792,0.429421308815576,0.641317446778766
regir_kv0_intent_sg,1,majority,10v10_K2,2,14792,0.429421308815576,0.641317446778766
regir_kv0_intent_sg,1,majority,10v10_K2,3,14792,0.429421308815576,0.641317446778766
regir_kv0_intent_sg,1,majority,10v10_K2,4,14792,0.429421308815576,0.641317446778766
regir_kv0_intent_sg,1,majority,10v10_K3,1,14340,0.45446304044630403,0.641317446778766
regir_kv0_intent_sg,1,majority,10v10_K3,2,14340,0.45446304044630403,0.641317446778766
regir_kv0_intent_sg,1,majority,10v10_K3,3,14340,0.45446304044630403,0.641317446778766
regir_kv0_intent_sg,1,majority,10v10_K3,4,14340,0.45446304044630403,0.641317446778766
regir_kv0_intent_sg,1,majority,30v30_K12,1,126058,0.5491757762299894,0.641317446778766
regir_kv0_intent_sg,1,majority,30v30_K12,2,126058,0.5491757762299894,0.641317446778766
regir_kv0_intent_sg,1,majority,30v30_K12,3,126058,0.5491757762299894,0.641317446778766
regir_kv0_intent_sg,1,majority,30v30_K12,4,126058,0.5491757762299894,0.641317446778766
regir_kv0_intent_sg,1,majority,30v30_K2,1,125858,0.4933734844030574,0.641317446778766
regir_kv0_intent_sg,1,majority,30v30_K2,2,125858,0.4933734844030574,0.641317446778766
regir_kv0_intent_sg,1,majority,30v30_K2,3,125858,0.4933734844030574,0.641317446778766
regir_kv0_intent_sg,1,majority,30v30_K2,4,125858,0.4933734844030574,0.641317446778766
regir_kv0_intent_sg,1,majority,50v50_K2,1,333768,0.5380054409050598,0.641317446778766
regir_kv0_intent_sg,1,majority,50v50_K2,2,333768,0.5380054409050598,0.641317446778766
regir_kv0_intent_sg,1,majority,50v50_K2,3,333768,0.5380054409050598,0.641317446778766
regir_kv0_intent_sg,1,majority,50v50_K2,4,333768,0.5380054409050598,0.641317446778766
regir_kv0_intent_sg,3,trained,10v10_K2,1,14792,0.4271903778277761,1.6774926518284998
regir_kv0_intent_sg,3,trained,10v10_K2,2,14792,0.4304353751306633,1.6718202958547341
regir_kv0_intent_sg,3,trained,10v10_K2,3,14792,0.43618172525114435,1.6649660148802417
regir_kv0_intent_sg,3,trained,10v10_K2,4,14792,0.44023796980278823,1.6588734561701346
regir_kv0_intent_sg,3,trained,10v10_K3,1,14340,0.44211995084062117,1.613842477575672
regir_kv0_intent_sg,3,trained,10v10_K3,2,14340,0.4423291563807183,1.6102623658574275
regir_kv0_intent_sg,3,trained,10v10_K3,3,14340,0.44609484647918946,1.6049281429463018
regir_kv0_intent_sg,3,trained,10v10_K3,4,14340,0.4479776907017301,1.5998522688945134
regir_kv0_intent_sg,3,trained,30v30_K12,1,126058,0.47796252527854877,1.5356471343196616
regir_kv0_intent_sg,3,trained,30v30_K12,2,126058,0.47359152049174696,1.545650229857331
regir_kv0_intent_sg,3,trained,30v30_K12,3,126058,0.4709260819522999,1.553524063825021
regir_kv0_intent_sg,3,trained,30v30_K12,4,126058,0.46991861018764064,1.5606536747224196
regir_kv0_intent_sg,3,trained,30v30_K2,1,125858,0.44815585804862185,1.6361712499446388
regir_kv0_intent_sg,3,trained,30v30_K2,2,125858,0.45031702483749986,1.6291847777502273
regir_kv0_intent_sg,3,trained,30v30_K2,3,125858,0.4531773897642233,1.6214777613419649
regir_kv0_intent_sg,3,trained,30v30_K2,4,125858,0.4557914486272926,1.6141954270710823
regir_kv0_intent_sg,3,trained,50v50_K2,1,333768,0.47861388719801773,1.5734039654707979
regir_kv0_intent_sg,3,trained,50v50_K2,2,333768,0.4802467580731562,1.5671185915800598
regir_kv0_intent_sg,3,trained,50v50_K2,3,333768,0.4822032065332455,1.5599005197665654
regir_kv0_intent_sg,3,trained,50v50_K2,4,333768,0.48399187547423556,1.5529936739754286
regir_kv0_intent_sg,3,random_init,10v10_K2,1,14792,0.07395889794818146,2.190976622944074
regir_kv0_intent_sg,3,random_init,10v10_K2,2,14792,0.18516766276510746,2.128963188263711
regir_kv0_intent_sg,3,random_init,10v10_K2,3,14792,0.3219307788903082,2.0749865599971904
regir_kv0_intent_sg,3,random_init,10v10_K2,4,14792,0.3852758276187641,2.044707159727828
regir_kv0_intent_sg,3,random_init,10v10_K3,1,14340,0.06903765855455768,2.1931662511626047
regir_kv0_intent_sg,3,random_init,10v10_K3,2,14340,0.18960948862197757,2.121594182051708
regir_kv0_intent_sg,3,random_init,10v10_K3,3,14340,0.33535565467787753,2.0567379845069875
regir_kv0_intent_sg,3,random_init,10v10_K3,4,14340,0.40404463265730245,2.0162714046081907
regir_kv0_intent_sg,3,random_init,30v30_K12,1,126058,0.06810357199837772,2.1900128457185706
regir_kv0_intent_sg,3,random_init,30v30_K12,2,126058,0.21600374442034095,2.095106509606814
regir_kv0_intent_sg,3,random_init,30v30_K12,3,126058,0.39138333265890235,2.003216094750854
regir_kv0_intent_sg,3,random_init,30v30_K12,4,126058,0.4777959380142374,1.9359331618247455
regir_kv0_intent_sg,3,random_init,30v30_K2,1,125858,0.06730601209198786,2.1906067348090685
regir_kv0_intent_sg,3,random_init,30v30_K2,2,125858,0.19696801129035374,2.1145104176646283
regir_kv0_intent_sg,3,random_init,30v30_K2,3,125858,0.35917462506832915,2.0449258193747104
regir_kv0_intent_sg,3,random_init,30v30_K2,4,125858,0.4351968100058654,1.9998172716292053
regir_kv0_intent_sg,3,random_init,50v50_K2,1,333768,0.06808921182535393,2.187269689959855
regir_kv0_intent_sg,3,random_init,50v50_K2,2,333768,0.21507753841487243,2.0959795226341256
regir_kv0_intent_sg,3,random_init,50v50_K2,3,333768,0.38961793857580845,2.0104211154124307
regir_kv0_intent_sg,3,random_init,50v50_K2,4,333768,0.47417367812383165,1.9494823419567162
regir_kv0_intent_sg,3,majority,10v10_K2,1,14792,0.429421308815576,0.641317446778766
regir_kv0_intent_sg,3,majority,10v10_K2,2,14792,0.429421308815576,0.641317446778766
regir_kv0_intent_sg,3,majority,10v10_K2,3,14792,0.429421308815576,0.641317446778766
regir_kv0_intent_sg,3,majority,10v10_K2,4,14792,0.429421308815576,0.641317446778766
regir_kv0_intent_sg,3,majority,10v10_K3,1,14340,0.45446304044630403,0.641317446778766
regir_kv0_intent_sg,3,majority,10v10_K3,2,14340,0.45446304044630403,0.641317446778766
regir_kv0_intent_sg,3,majority,10v10_K3,3,14340,0.45446304044630403,0.641317446778766
regir_kv0_intent_sg,3,majority,10v10_K3,4,14340,0.45446304044630403,0.641317446778766
regir_kv0_intent_sg,3,majority,30v30_K12,1,126058,0.5491757762299894,0.641317446778766
regir_kv0_intent_sg,3,majority,30v30_K12,2,126058,0.5491757762299894,0.641317446778766
regir_kv0_intent_sg,3,majority,30v30_K12,3,126058,0.5491757762299894,0.641317446778766
regir_kv0_intent_sg,3,majority,30v30_K12,4,126058,0.5491757762299894,0.641317446778766
regir_kv0_intent_sg,3,majority,30v30_K2,1,125858,0.4933734844030574,0.641317446778766
regir_kv0_intent_sg,3,majority,30v30_K2,2,125858,0.4933734844030574,0.641317446778766
regir_kv0_intent_sg,3,majority,30v30_K2,3,125858,0.4933734844030574,0.641317446778766
regir_kv0_intent_sg,3,majority,30v30_K2,4,125858,0.4933734844030574,0.641317446778766
regir_kv0_intent_sg,3,majority,50v50_K2,1,333768,0.5380054409050598,0.641317446778766
regir_kv0_intent_sg,3,majority,50v50_K2,2,333768,0.5380054409050598,0.641317446778766
regir_kv0_intent_sg,3,majority,50v50_K2,3,333768,0.5380054409050598,0.641317446778766
regir_kv0_intent_sg,3,majority,50v50_K2,4,333768,0.5380054409050598,0.641317446778766
regir_kv0_intent_sg,2,trained,10v10_K2,1,14792,0.4968226108024589,1.7150215149951293
regir_kv0_intent_sg,2,trained,10v10_K2,2,14792,0.5008112527953895,1.7284271702827183
regir_kv0_intent_sg,2,trained,10v10_K2,3,14792,0.5042590621995839,1.740558396009431
regir_kv0_intent_sg,2,trained,10v10_K2,4,14792,0.5074364549776045,1.7528617165301734
regir_kv0_intent_sg,2,trained,10v10_K3,1,14340,0.5200836842201619,1.6224972227471393
regir_kv0_intent_sg,2,trained,10v10_K3,2,14340,0.5244769897556122,1.6348433261833346
regir_kv0_intent_sg,2,trained,10v10_K3,3,14340,0.5269177150422891,1.6464162227353458
regir_kv0_intent_sg,2,trained,10v10_K3,4,14340,0.5284518856207114,1.6583272110852654
regir_kv0_intent_sg,2,trained,30v30_K12,1,126058,0.5896968079547379,1.4016913340363548
regir_kv0_intent_sg,2,trained,30v30_K12,2,126058,0.5926240307487969,1.406860883760608
regir_kv0_intent_sg,2,trained,30v30_K12,3,126058,0.5945913786927257,1.4146564809535174
regir_kv0_intent_sg,2,trained,30v30_K12,4,126058,0.59486109578,1.4250231441607144
regir_kv0_intent_sg,2,trained,30v30_K2,1,125858,0.5439781355265558,1.6091334509739013
regir_kv0_intent_sg,2,trained,30v30_K2,2,125858,0.5457023015047274,1.6203326188264298
regir_kv0_intent_sg,2,trained,30v30_K2,3,125858,0.5476568846638243,1.6323937868383933
regir_kv0_intent_sg,2,trained,30v30_K2,4,125858,0.5485706137716637,1.64544039992286
regir_kv0_intent_sg,2,trained,50v50_K2,1,333768,0.5771733664887134,1.5360315590820077
regir_kv0_intent_sg,2,trained,50v50_K2,2,333768,0.5796301619083603,1.5442407675569532
regir_kv0_intent_sg,2,trained,50v50_K2,3,333768,0.5818772317235321,1.5536744499096502
regir_kv0_intent_sg,2,trained,50v50_K2,4,333768,0.5834352006892298,1.5644916984862063
regir_kv0_intent_sg,2,random_init,10v10_K2,1,14792,0.4276636042309801,2.075092315706064
regir_kv0_intent_sg,2,random_init,10v10_K2,2,14792,0.4277312082191652,2.02173104943489
regir_kv0_intent_sg,2,random_init,10v10_K2,3,14792,0.42448621137161363,1.9813046193464567
regir_kv0_intent_sg,2,random_init,10v10_K2,4,14792,0.4163061139834143,1.9488378694535848
regir_kv0_intent_sg,2,random_init,10v10_K3,1,14340,0.4546025133173461,2.0630848853990456
regir_kv0_intent_sg,2,random_init,10v10_K3,2,14340,0.4541841033425291,2.0074681812084205
regir_kv0_intent_sg,2,random_init,10v10_K3,3,14340,0.4494421216982678,1.9673001797295682
regir_kv0_intent_sg,2,random_init,10v10_K3,4,14340,0.4413528609122026,1.9354577118050271
regir_kv0_intent_sg,2,random_init,30v30_K12,1,126058,0.5478430563930005,2.0137168841260698
regir_kv0_intent_sg,2,random_init,30v30_K12,2,126058,0.5462088892405834,1.9376848573851433
regir_kv0_intent_sg,2,random_init,30v30_K12,3,126058,0.5396960127313998,1.8820058368362151
regir_kv0_intent_sg,2,random_init,30v30_K12,4,126058,0.5298116751605993,1.8352770413492083
regir_kv0_intent_sg,2,random_init,30v30_K2,1,125858,0.4918400134962635,2.0403623124944628
regir_kv0_intent_sg,2,random_init,30v30_K2,2,125858,0.4907594277970494,1.9740246559826486
regir_kv0_intent_sg,2,random_init,30v30_K2,3,125858,0.48361645560402844,1.9274278124571926
regir_kv0_intent_sg,2,random_init,30v30_K2,4,125858,0.46975957134754964,1.8900638808511376
regir_kv0_intent_sg,2,random_init,50v50_K2,1,333768,0.5365523346363931,2.0198136915138187
regir_kv0_intent_sg,2,random_init,50v50_K2,2,333768,0.5345419595756328,1.9470247456338312
regir_kv0_intent_sg,2,random_init,50v50_K2,3,333768,0.5257394359658724,1.8960687991081047
regir_kv0_intent_sg,2,random_init,50v50_K2,4,333768,0.5083710844106261,1.8542982066379967
regir_kv0_intent_sg,2,majority,10v10_K2,1,14792,0.429421308815576,0.641317446778766
regir_kv0_intent_sg,2,majority,10v10_K2,2,14792,0.429421308815576,0.641317446778766
regir_kv0_intent_sg,2,majority,10v10_K2,3,14792,0.429421308815576,0.641317446778766
regir_kv0_intent_sg,2,majority,10v10_K2,4,14792,0.429421308815576,0.641317446778766
regir_kv0_intent_sg,2,majority,10v10_K3,1,14340,0.45446304044630403,0.641317446778766
regir_kv0_intent_sg,2,majority,10v10_K3,2,14340,0.45446304044630403,0.641317446778766
regir_kv0_intent_sg,2,majority,10v10_K3,3,14340,0.45446304044630403,0.641317446778766
regir_kv0_intent_sg,2,majority,10v10_K3,4,14340,0.45446304044630403,0.641317446778766
regir_kv0_intent_sg,2,majority,30v30_K12,1,126058,0.5491757762299894,0.641317446778766
regir_kv0_intent_sg,2,majority,30v30_K12,2,126058,0.5491757762299894,0.641317446778766
regir_kv0_intent_sg,2,majority,30v30_K12,3,126058,0.5491757762299894,0.641317446778766
regir_kv0_intent_sg,2,majority,30v30_K12,4,126058,0.5491757762299894,0.641317446778766
regir_kv0_intent_sg,2,majority,30v30_K2,1,125858,0.4933734844030574,0.641317446778766
regir_kv0_intent_sg,2,majority,30v30_K2,2,125858,0.4933734844030574,0.641317446778766
regir_kv0_intent_sg,2,majority,30v30_K2,3,125858,0.4933734844030574,0.641317446778766
regir_kv0_intent_sg,2,majority,30v30_K2,4,125858,0.4933734844030574,0.641317446778766
regir_kv0_intent_sg,2,majority,50v50_K2,1,333768,0.5380054409050598,0.641317446778766
regir_kv0_intent_sg,2,majority,50v50_K2,2,333768,0.5380054409050598,0.641317446778766
regir_kv0_intent_sg,2,majority,50v50_K2,3,333768,0.5380054409050598,0.641317446778766
regir_kv0_intent_sg,2,majority,50v50_K2,4,333768,0.5380054409050598,0.641317446778766
regir_kv0_intent_sg,4,trained,10v10_K2,1,14792,0.42982693864742827,1.7819702682735599
regir_kv0_intent_sg,4,trained,10v10_K2,2,14792,0.4321930823080028,1.7825546488367332
regir_kv0_intent_sg,4,trained,10v10_K2,3,14792,0.43280151858573235,1.7890926544902581
regir_kv0_intent_sg,4,trained,10v10_K2,4,14792,0.4316522490888987,1.8091432177348354
regir_kv0_intent_sg,4,trained,10v10_K3,1,14340,0.4296373832794205,1.754391499929847
regir_kv0_intent_sg,4,trained,10v10_K3,2,14340,0.42942817804236044,1.754270524821521
regir_kv0_intent_sg,4,trained,10v10_K3,3,14340,0.4304044680776415,1.7604233956860698
regir_kv0_intent_sg,4,trained,10v10_K3,4,14340,0.42733612792044257,1.7799542143296663
regir_kv0_intent_sg,4,trained,30v30_K12,1,126058,0.4357279996265329,1.5579962096685769
regir_kv0_intent_sg,4,trained,30v30_K12,2,126058,0.43755255436098045,1.554785993705614
regir_kv0_intent_sg,4,trained,30v30_K12,3,126058,0.4409478177751953,1.5526322994504305
regir_kv0_intent_sg,4,trained,30v30_K12,4,126058,0.4422646708977158,1.556343662038815
regir_kv0_intent_sg,4,trained,30v30_K2,1,125858,0.4065216357006899,1.7456969724056628
regir_kv0_intent_sg,4,trained,30v30_K2,2,125858,0.4075545448104351,1.7382642863195694
regir_kv0_intent_sg,4,trained,30v30_K2,3,125858,0.4101368203943537,1.734014435661813
regir_kv0_intent_sg,4,trained,30v30_K2,4,125858,0.41228209735472865,1.738024984394688
regir_kv0_intent_sg,4,trained,50v50_K2,1,333768,0.4118309730602017,1.6620451283379605
regir_kv0_intent_sg,4,trained,50v50_K2,2,333768,0.41443457636506376,1.6513883079142782
regir_kv0_intent_sg,4,trained,50v50_K2,3,333768,0.41837144358825296,1.6440059406573602
regir_kv0_intent_sg,4,trained,50v50_K2,4,333768,0.4216971063036771,1.64397375869907
regir_kv0_intent_sg,4,random_init,10v10_K2,1,14792,0.09478096371005844,2.2121663877550106
regir_kv0_intent_sg,4,random_init,10v10_K2,2,14792,0.09883721089662995,2.2363548499626233
regir_kv0_intent_sg,4,random_init,10v10_K2,3,14792,0.08896701102784199,2.2648432565064223
regir_kv0_intent_sg,4,random_init,10v10_K2,4,14792,0.07010546365131766,2.2973379157826086
regir_kv0_intent_sg,4,random_init,10v10_K3,1,14340,0.09393305614891993,2.213278153900322
regir_kv0_intent_sg,4,random_init,10v10_K3,2,14340,0.08758717016570239,2.241145556325527
regir_kv0_intent_sg,4,random_init,10v10_K3,3,14340,0.07761506444944725,2.2725590780356604
regir_kv0_intent_sg,4,random_init,10v10_K3,4,14340,0.05927475704493279,2.3070201754237485
regir_kv0_intent_sg,4,random_init,30v30_K12,1,126058,0.059274302726643205,2.225633294933135
regir_kv0_intent_sg,4,random_init,30v30_K12,2,126058,0.05658506460298827,2.26306346103623
regir_kv0_intent_sg,4,random_init,30v30_K12,3,126058,0.05014358511768402,2.2954517243319996
regir_kv0_intent_sg,4,random_init,30v30_K12,4,126058,0.03984673766778173,2.3265950443550647
regir_kv0_intent_sg,4,random_init,30v30_K2,1,125858,0.069602250851671,2.2274606317590977
regir_kv0_intent_sg,4,random_init,30v30_K2,2,125858,0.06811644937841012,2.2652177510642453
regir_kv0_intent_sg,4,random_init,30v30_K2,3,125858,0.061775970549220356,2.298765480638632
regir_kv0_intent_sg,4,random_init,30v30_K2,4,125858,0.05275787048761346,2.3312866489417705
regir_kv0_intent_sg,4,random_init,50v50_K2,1,333768,0.05684487426136382,2.234081479231928
regir_kv0_intent_sg,4,random_init,50v50_K2,2,333768,0.059247740972335025,2.2755344486148568
regir_kv0_intent_sg,4,random_init,50v50_K2,3,333768,0.05367201186050471,2.310200980999495
regir_kv0_intent_sg,4,random_init,50v50_K2,4,333768,0.04640948228119869,2.3426565850540504
regir_kv0_intent_sg,4,majority,10v10_K2,1,14792,0.429421308815576,0.641317446778766
regir_kv0_intent_sg,4,majority,10v10_K2,2,14792,0.429421308815576,0.641317446778766
regir_kv0_intent_sg,4,majority,10v10_K2,3,14792,0.429421308815576,0.641317446778766
regir_kv0_intent_sg,4,majority,10v10_K2,4,14792,0.429421308815576,0.641317446778766
regir_kv0_intent_sg,4,majority,10v10_K3,1,14340,0.45446304044630403,0.641317446778766
regir_kv0_intent_sg,4,majority,10v10_K3,2,14340,0.45446304044630403,0.641317446778766
regir_kv0_intent_sg,4,majority,10v10_K3,3,14340,0.45446304044630403,0.641317446778766
regir_kv0_intent_sg,4,majority,10v10_K3,4,14340,0.45446304044630403,0.641317446778766
regir_kv0_intent_sg,4,majority,30v30_K12,1,126058,0.5491757762299894,0.641317446778766
regir_kv0_intent_sg,4,majority,30v30_K12,2,126058,0.5491757762299894,0.641317446778766
regir_kv0_intent_sg,4,majority,30v30_K12,3,126058,0.5491757762299894,0.641317446778766
regir_kv0_intent_sg,4,majority,30v30_K12,4,126058,0.5491757762299894,0.641317446778766
regir_kv0_intent_sg,4,majority,30v30_K2,1,125858,0.4933734844030574,0.641317446778766
regir_kv0_intent_sg,4,majority,30v30_K2,2,125858,0.4933734844030574,0.641317446778766
regir_kv0_intent_sg,4,majority,30v30_K2,3,125858,0.4933734844030574,0.641317446778766
regir_kv0_intent_sg,4,majority,30v30_K2,4,125858,0.4933734844030574,0.641317446778766
regir_kv0_intent_sg,4,majority,50v50_K2,1,333768,0.5380054409050598,0.641317446778766
regir_kv0_intent_sg,4,majority,50v50_K2,2,333768,0.5380054409050598,0.641317446778766
regir_kv0_intent_sg,4,majority,50v50_K2,3,333768,0.5380054409050598,0.641317446778766
regir_kv0_intent_sg,4,majority,50v50_K2,4,333768,0.5380054409050598,0.641317446778766
