method,seed,config,round,n,share_pursued,share_unmarked,share_teammate,share_target,share_other
regir_r1_sg,2,10v10_K2,0,734,0.1894162660967988,0.44075891726640304,0.2035179427075351,0.11200596042238259,0.0543009207122889
regir_r1_sg,2,10v10_K3,0,722,0.17428896536550928,0.46029226097092535,0.18472492710652416,0.12975196396444702,0.050941888371485486
regir_r1_sg,2,30v30_K12,0,764,0.3140484461509236,0.29006617248204086,0.19220883601689445,0.18552272452872018,0.0181538284647533
regir_r1_sg,2,30v30_K2,0,770,0.2940477470136575,0.30571063858251046,0.2726749597614136,0.09859812149771215,0.028968541172812865
regir_r1_sg,2,50v50_K2,0,777,0.3493466980955979,0.24126952892247033,0.30260115498015194,0.08135566694533905,0.025426959825391966
regir_r1_sg,1,10v10_K2,0,734,0.18753638775614745,0.39413943167824483,0.21010949004282167,0.15562339854744173,0.05259129784006433
regir_r1_sg,1,10v10_K3,0,722,0.1666927054551721,0.3965984768520765,0.19636742163708273,0.19167885863675665,0.04866254590313996
regir_r1_sg,1,30v30_K12,0,764,0.24889401230559768,0.22281303634674735,0.2380266786169178,0.26971035354103895,0.020555927686802925
regir_r1_sg,1,30v30_K2,0,770,0.26443431507921733,0.28489160645218864,0.27833274180458567,0.14457924935539532,0.02776209370665329
regir_r1_sg,1,50v50_K2,0,777,0.2999612891300894,0.23093593975727192,0.3223832098577701,0.12393854352995635,0.02278102556123439
regir_r1_sg,0,10v10_K2,0,734,0.15154941973359537,0.3631997682994873,0.24235347214721328,0.14949841223337704,0.09339893474822988
regir_r1_sg,0,10v10_K3,0,722,0.13497922254683373,0.3676279679692028,0.2289967442329981,0.17491684175719455,0.09347923091938497
regir_r1_sg,0,30v30_K12,0,764,0.18755464165121008,0.22104093943381956,0.320653638957678,0.2301359436980591,0.040614845437133375
regir_r1_sg,0,30v30_K2,0,770,0.2075814632819488,0.2708987377196963,0.34124637034687466,0.13227345095712192,0.04799998515750269
regir_r1_sg,0,50v50_K2,0,777,0.23561019192734425,0.22597870004743212,0.3862446483675513,0.11718652940462361,0.03497993790942646
regir_r0_sg,0,10v10_K2,0,734,0.08317597996380971,0.1743275661288509,0.11244236650462452,0.6120391875122696,0.018014904461311796
regir_r0_sg,0,10v10_K3,0,722,0.06525180915925911,0.15484593716146497,0.09954866956996976,0.6635719966781054,0.016781594986887517
regir_r0_sg,0,30v30_K12,0,764,0.08233012806664049,0.07702442123028132,0.09797798800079802,0.7379547882384122,0.004712684800485636
regir_r0_sg,0,30v30_K2,0,770,0.15365858495028575,0.16527728884087686,0.15340848025830156,0.5185911027430179,0.009064553542161265
regir_r0_sg,0,50v50_K2,0,777,0.18409338465094363,0.1483801154905339,0.17035912395721967,0.4903706090343859,0.006796776626877561
regir_r1_sg,3,10v10_K2,0,734,0.1620043048953102,0.3102910452787322,0.28726487796561334,0.12924870760953197,0.11119107125143413
regir_r1_sg,3,10v10_K3,0,722,0.15124626001149258,0.3142023478499116,0.28035163059320367,0.14594121278101355,0.10825855814316371
regir_r1_sg,3,30v30_K12,0,764,0.22956538885881989,0.18816242650678866,0.3472236634997688,0.1943251001466541,0.04072342946070433
regir_r1_sg,3,30v30_K2,0,770,0.22591516507287993,0.21685445254996455,0.3776755492214835,0.11751896123575062,0.06203587894088312
regir_r1_sg,3,50v50_K2,0,777,0.2533618292675236,0.16700166691006868,0.42490727319911575,0.10476509527353044,0.04996414556109499
regir_r1_sg,4,10v10_K2,0,734,0.1485910672076525,0.29658401354973685,0.305891549698138,0.14110133201446284,0.1078320442367584
regir_r1_sg,4,10v10_K3,0,722,0.13675766591932487,0.29565558531969405,0.29744290852568106,0.16799351698206713,0.10215033052486787
regir_r1_sg,4,30v30_K12,0,764,0.2024053073599439,0.1615551215214063,0.33236526760753954,0.2628760772161497,0.040798234945799004
regir_r1_sg,4,30v30_K2,0,770,0.2079369314145563,0.20606638272366193,0.4006704663725264,0.11961700853371447,0.06570921893987533
regir_r1_sg,4,50v50_K2,0,777,0.23959017591938564,0.1584208218614651,0.44342932541829183,0.10389415900301745,0.05466552857095179
regir_r0_sg,1,10v10_K2,0,734,0.07476088032635297,0.18867773457561177,0.4381490912586319,0.14642805046434804,0.15198425151915207
regir_r0_sg,1,10v10_K3,0,722,0.06585900118191507,0.17920267778296792,0.3991628831809372,0.20448116077973075,0.15129428694056782
regir_r0_sg,1,30v30_K12,0,764,0.08561426506860233,0.10240278943169381,0.4689495485760591,0.2810441007573895,0.061989304459390805
regir_r0_sg,1,30v30_K2,0,770,0.10888980441761521,0.14430134382612916,0.5698667500915285,0.08709279584325812,0.08984931578421178
regir_r0_sg,1,50v50_K2,0,777,0.12067856233478266,0.12311754270341674,0.6196193243374781,0.06755954576488174,0.06902503341226206
regir_r0_sg,2,10v10_K2,0,734,0.08479331806232573,0.21420948317897556,0.33225764614567854,0.08022346145792052,0.28851609902693287
regir_r0_sg,2,10v10_K3,0,722,0.07747563565643459,0.2179879640705996,0.3203786570308097,0.11606844569825421,0.26808930563621874
regir_r0_sg,2,30v30_K12,0,764,0.11691670895200089,0.1636641831013602,0.3579650197938966,0.18494661665409984,0.1765074802127264
regir_r0_sg,2,30v30_K2,0,770,0.1331290781240933,0.18424446909587536,0.4138381949888394,0.05194174833021777,0.21684651900249582
regir_r0_sg,2,50v50_K2,0,777,0.14295177344019266,0.168365962420189,0.45686409414933754,0.04170011460588525,0.19011806465147574
regir_kv0_sg,2,10v10_K2,0,734,0.14630610385153053,0.29868797891455506,0.30575781957663356,0.166924094788226,0.08232400947375167
regir_kv0_sg,2,10v10_K2,1,734,0.12280062644453335,0.26289009391276125,0.44455158548193086,0.1009595461823185,0.06879815440195297
regir_kv0_sg,2,10v10_K2,2,734,0.07313194360654264,0.1930692814287465,0.5551646923581602,0.09100636391815319,0.0876277273710536
regir_kv0_sg,2,10v10_K2,3,734,0.04353696843766526,0.14778916724832178,0.6074273743260228,0.09252790459999205,0.1087185935365487
regir_kv0_sg,2,10v10_K3,0,722,0.14230142831430048,0.31166377958898844,0.29210095667904046,0.17508269215974673,0.07885115066110104
regir_kv0_sg,2,10v10_K3,1,722,0.11092505534754393,0.2761991385214867,0.44271576693354675,0.09750698309759179,0.07265306167927744
regir_kv0_sg,2,10v10_K3,2,722,0.06378527095858322,0.20224640329309002,0.5519519718641842,0.09080090186360261,0.09121546048107791
regir_kv0_sg,2,10v10_K3,3,722,0.03980976210604384,0.15211859125544647,0.5992519626645881,0.0951318727266632,0.11368781582028342
regir_kv0_sg,2,30v30_K12,0,764,0.2118273001161368,0.1608884031987082,0.3709942347589036,0.23129781410831257,0.024992256755665798
regir_kv0_sg,2,30v30_K12,1,764,0.1459202187415506,0.12404390547154194,0.5898123850785084,0.11611023697889661,0.024113260554925058
regir_kv0_sg,2,30v30_K12,2,764,0.07823906942128889,0.08026307166222973,0.7146295059376313,0.09712065988898136,0.029747702755466884
regir_kv0_sg,2,30v30_K12,3,764,0.04262434746138858,0.06140991915683345,0.7618637989679403,0.09481280339226582,0.03928914218233122
regir_kv0_sg,2,30v30_K2,0,770,0.21082999110784326,0.18280048318582126,0.40419978433527154,0.16135692194668821,0.04081282869879323
regir_kv0_sg,2,30v30_K2,1,770,0.1485849514054719,0.13944956620795032,0.5731152526935029,0.10696624476254511,0.03188399284894795
regir_kv0_sg,2,30v30_K2,2,770,0.08717364415792692,0.09607720467897103,0.6818190285978333,0.0913486714365602,0.04358146001243318
regir_kv0_sg,2,30v30_K2,3,770,0.051361372541905544,0.07230225809199795,0.7311064351976794,0.09140054141880403,0.053829400443631104
regir_kv0_sg,2,50v50_K2,0,777,0.23822198708080966,0.13710252274406243,0.4468915311795177,0.1465807911326689,0.031203177939460366
regir_kv0_sg,2,50v50_K2,1,777,0.1597439604872406,0.08926781171066449,0.6322332648467188,0.093307833994447,0.02544713705110864
regir_kv0_sg,2,50v50_K2,2,777,0.0922081394789216,0.05716186473103429,0.7345294290044566,0.08197291664373459,0.03412765900052275
regir_kv0_sg,2,50v50_K2,3,777,0.05308340733692574,0.03931106213510844,0.7786933389243478,0.08629583751619474,0.04261636360826839
regir_kv0_sg,0,10v10_K2,0,734,0.1799184461518349,0.3750262030156311,0.2571539574596701,0.13538677321578757,0.052514628342291376
regir_kv0_sg,0,10v10_K2,1,734,0.12749302956654682,0.271662238850116,0.36614792081839526,0.1730984241956717,0.06159839682680144
regir_kv0_sg,0,10v10_K2,2,734,0.07371479687411384,0.1820503936181764,0.4437614953357775,0.1872552262362518,0.1132180940944528
regir_kv0_sg,0,10v10_K2,3,734,0.045450231189076505,0.12395550989215934,0.49022663929055954,0.18149723673735513,0.15887038951969276
regir_kv0_sg,0,10v10_K3,0,722,0.16035977261758486,0.38790591163406013,0.24012319983611868,0.1611334288860915,0.050477695419174406
regir_kv0_sg,0,10v10_K3,1,722,0.10723934098387919,0.2875873453776151,0.3528942295935618,0.17954029366110885,0.07273879547935248
regir_kv0_sg,0,10v10_K3,2,722,0.06444119496490854,0.19449928777662015,0.4210312422645949,0.19078327702479297,0.12924500420645724
regir_kv0_sg,0,10v10_K3,3,722,0.03810756879323082,0.12902311653519438,0.46169165268364143,0.18744506749031395,0.18373259964944388
regir_kv0_sg,0,30v30_K12,0,764,0.2348867333646186,0.21394003343258486,0.29833988628333513,0.23691155260914978,0.015921802011423226
regir_kv0_sg,0,30v30_K12,1,764,0.16332051451718443,0.154583012619874,0.4583449083395181,0.19848196309264043,0.025269609533789924
regir_kv0_sg,0,30v30_K12,2,764,0.09971724832853308,0.10189568687348327,0.5520278723732359,0.20129227178573822,0.04506692571257039
regir_kv0_sg,0,30v30_K12,3,764,0.05811159222260772,0.06194667323982949,0.6067914729415554,0.21138385183736905,0.06176641787008534
regir_kv0_sg,0,30v30_K2,0,770,0.2518917046395982,0.25851466815582425,0.33295997318998705,0.13090325931689106,0.02573040541258242
regir_kv0_sg,0,30v30_K2,1,770,0.16847232057086076,0.1777911802249271,0.48337980738642644,0.14004817200612824,0.030308526388076896
regir_kv0_sg,0,30v30_K2,2,770,0.0963609964830682,0.11442914865419991,0.5882095596257542,0.15113493308700054,0.049865372346424096
regir_kv0_sg,0,30v30_K2,3,770,0.06011600295455466,0.07572356370090365,0.6403498316673386,0.15436766258329168,0.06944294642820341
regir_kv0_sg,0,50v50_K2,0,777,0.28604362066719347,0.20690858143080634,0.3742839131850018,0.11338018312479385,0.019383709354286977
regir_kv0_sg,0,50v50_K2,1,777,0.17645762892881645,0.13805184763024586,0.5470961679713039,0.11835599042798145,0.02003837359309191
regir_kv0_sg,0,50v50_K2,2,777,0.1015847065256343,0.08480386209113902,0.651740997797401,0.12755002149326763,0.03432042306667004
regir_kv0_sg,0,50v50_K2,3,777,0.058404433276495055,0.05512998405377768,0.7013738354570092,0.13394203788641043,0.051149719277247846
regir_kv0_sg,1,10v10_K2,0,734,0.2031352564058215,0.4244019930020245,0.2582675642034825,0.07588988626911726,0.038305307198243904
regir_kv0_sg,1,10v10_K2,1,734,0.16446444274075567,0.3551483807569668,0.36879042956469177,0.06327801192747211,0.048318742323875175
regir_kv0_sg,1,10v10_K2,2,734,0.12034955218736045,0.2911963168550402,0.46829788649358217,0.06580863200879417,0.05434761939945738
regir_kv0_sg,1,10v10_K2,3,734,0.09160602151330637,0.2557864493540073,0.5253509933535453,0.06765373517973032,0.0596028062632466
regir_kv0_sg,1,10v10_K3,0,722,0.18768547735777702,0.4448767392190183,0.24304908646706827,0.0824176740473004,0.04197103063576282
regir_kv0_sg,1,10v10_K3,1,722,0.14857286848733378,0.37310437421710274,0.359224066379088,0.05992391135790227,0.05917478705535583
regir_kv0_sg,1,10v10_K3,2,722,0.10837196086842175,0.30892691861758065,0.4507738088219937,0.061365884221697795,0.07056143622165742
regir_kv0_sg,1,10v10_K3,3,722,0.08398826424672949,0.2693342436931665,0.5086532675086908,0.06211956270882166,0.0759046675942992
regir_kv0_sg,1,30v30_K12,0,764,0.2913097684249883,0.2558634630191166,0.31266196125633766,0.12446815489599324,0.015696662213622925
regir_kv0_sg,1,30v30_K12,1,764,0.2078858371385079,0.18187172397632245,0.5098110499515609,0.0815790475864517,0.018852347064386172
regir_kv0_sg,1,30v30_K12,2,764,0.14099425325349538,0.13560742265072773,0.6265711468383851,0.07413960312179228,0.022687584013532148
regir_kv0_sg,1,30v30_K12,3,764,0.10850859474887958,0.11241237352621603,0.6843212322220968,0.06897513623154322,0.02578267082675537
regir_kv0_sg,1,30v30_K2,0,770,0.2753633570374073,0.28234871544712126,0.3308840229345421,0.08787393691558504,0.023529975176941345
regir_kv0_sg,1,30v30_K2,1,770,0.1943680090399239,0.2182278664147818,0.49546603488127083,0.06522250759514431,0.026715590142844445
regir_kv0_sg,1,30v30_K2,2,770,0.13338504662483408,0.16800374533423965,0.6059734528730094,0.06302862147593462,0.029609141212615042
regir_kv0_sg,1,30v30_K2,3,770,0.10167812451939748,0.13548497370046578,0.6644855432201453,0.06429952258253736,0.034051841096692514
regir_kv0_sg,1,50v50_K2,0,777,0.3061868608181767,0.21872633469267125,0.37994028992509093,0.07378907285698263,0.021357450579237866
regir_kv0_sg,1,50v50_K2,1,777,0.19977742328863854,0.15412134536127842,0.5697138394269404,0.05147737082948652,0.024910026386307797
regir_kv0_sg,1,50v50_K2,2,777,0.13372796536232998,0.11563276143134697,0.6729680291428008,0.04876986546417084,0.02890138610803427
regir_kv0_sg,1,50v50_K2,3,777,0.09873485609694495,0.09569309703158621,0.7222671322191343,0.048748004822135656,0.03455691584577252
regir_kv0_sg,3,10v10_K2,0,734,0.16077189913663062,0.35866523203208267,0.2733147830526551,0.10923604289622096,0.09801204812036741
regir_kv0_sg,3,10v10_K2,1,734,0.1668369109503645,0.3381483728659015,0.24837464707194298,0.19934999911526924,0.04729007638005848
regir_kv0_sg,3,10v10_K2,2,734,0.14299262353513895,0.27983122588865744,0.28209675230639053,0.2517398098479108,0.04333959625290238
regir_kv0_sg,3,10v10_K2,3,734,0.12215125594534947,0.24014635962227604,0.31093314146704315,0.2705931417810181,0.05617610606736975
regir_kv0_sg,3,10v10_K3,0,722,0.1502867378054966,0.37977331794030633,0.24924134041673743,0.1375676321198105,0.0831309803994176
regir_kv0_sg,3,10v10_K3,1,722,0.14903781879627612,0.34780907025865276,0.22243473599755748,0.24253670688753218,0.038181676647770904
regir_kv0_sg,3,10v10_K3,2,722,0.1264910858930557,0.280691851742657,0.2511528786389397,0.302124952036504,0.03953923955362542
regir_kv0_sg,3,10v10_K3,3,722,0.10699773605076962,0.24213486085497302,0.2766896714609408,0.32496974586571414,0.04920799246313968
regir_kv0_sg,3,30v30_K12,0,764,0.24367015354376043,0.2421140164238889,0.3002745520738629,0.1823374058499461,0.03160387955320249
regir_kv0_sg,3,30v30_K12,1,764,0.22809801580540057,0.21117513892177736,0.2910965503700225,0.2581222307486269,0.01150807124201742
regir_kv0_sg,3,30v30_K12,2,764,0.1984688044959842,0.16141625044987995,0.3287407213273476,0.3005287058095572,0.010845526691799544
regir_kv0_sg,3,30v30_K12,3,764,0.17644768201819488,0.14152305407198582,0.3483922137667004,0.32021314587159505,0.013423914044575137
regir_kv0_sg,3,30v30_K2,0,770,0.22601599091082672,0.24721536532108582,0.37989808996951785,0.09446436288873376,0.05240619893296458
regir_kv0_sg,3,30v30_K2,1,770,0.23730749805943996,0.22696495864127095,0.3627763093997339,0.1486150503965485,0.02433619122336755
regir_kv0_sg,3,30v30_K2,2,770,0.21298523767742455,0.17779181851669446,0.40283468266179195,0.1830124293496749,0.02337583865932359
regir_kv0_sg,3,30v30_K2,3,770,0.18539015287780122,0.15038983911534567,0.43713897540354446,0.19818311555630955,0.02889792458171495
regir_kv0_sg,3,50v50_K2,0,777,0.25772102623187887,0.196218591413737,0.425872856028292,0.07666111013183637,0.04352642386402918
regir_kv0_sg,3,50v50_K2,1,777,0.26739795897814916,0.1764953752563593,0.424933789640127,0.11348238268460065,0.01769049923436711
regir_kv0_sg,3,50v50_K2,2,777,0.24105107584783694,0.13962792818200728,0.4652972368053627,0.13849414973875707,0.01552961607031091
regir_kv0_sg,3,50v50_K2,3,777,0.2074192067330759,0.11937776309580589,0.49920196274835654,0.15445323596977922,0.019547839918620708
regir_kv0_sg,4,10v10_K2,0,734,0.17917096080507708,0.3694860054933742,0.2526261466352534,0.11423522050059229,0.08448167261830594
regir_kv0_sg,4,10v10_K2,1,734,0.18570705690843434,0.35998393529971384,0.2848072605567229,0.10942129302054183,0.06008046013364964
regir_kv0_sg,4,10v10_K2,2,734,0.14836460318699654,0.30577955137412755,0.3438274503922057,0.1474836613449971,0.0545447431654499
regir_kv0_sg,4,10v10_K2,3,734,0.12133700785150987,0.27170134329088536,0.3857910497423447,0.1602882011479993,0.060882401971667
regir_kv0_sg,4,10v10_K3,0,722,0.16656191102550355,0.3904186399101622,0.23437148599558882,0.1342220980279629,0.074425874432982
regir_kv0_sg,4,10v10_K3,1,722,0.16720363393997276,0.39426553527267993,0.264499002559663,0.11458344907802576,0.05944838717587249
regir_kv0_sg,4,10v10_K3,2,722,0.13978799824440444,0.329130028351272,0.3135497493330452,0.15249573453538343,0.06503649622420038
regir_kv0_sg,4,10v10_K3,3,722,0.12040065610340286,0.2848846844095203,0.35193698691972736,0.17001024667108625,0.0727674340767671
regir_kv0_sg,4,30v30_K12,0,764,0.25753776750432605,0.21992911953231084,0.30299812981048985,0.18881447737395796,0.03072051371108613
regir_kv0_sg,4,30v30_K12,1,764,0.25217645139494255,0.2056348314013229,0.382872597811029,0.14125996160764612,0.018056164041610867
regir_kv0_sg,4,30v30_K12,2,764,0.19898466253947833,0.16315348600270607,0.45717163477050815,0.1625626502566841,0.018127573854867712
regir_kv0_sg,4,30v30_K12,3,764,0.15785013350332117,0.13819435913233397,0.5138786193926587,0.16829789196856831,0.021779004940049272
regir_kv0_sg,4,30v30_K2,0,770,0.24359560911090833,0.24831402408225503,0.35689321880772557,0.11199752783673607,0.03919962769942942
regir_kv0_sg,4,30v30_K2,1,770,0.2282650645739468,0.2216869782754511,0.4043778862589455,0.11677970479676794,0.02889037201107211
regir_kv0_sg,4,30v30_K2,2,770,0.18556256229270965,0.1834003354022374,0.4617279785754601,0.14287613736774976,0.02643299465851554
regir_kv0_sg,4,30v30_K2,3,770,0.15403332871354247,0.15973780828192333,0.5074705447620791,0.1504109037397531,0.028347424819479945
regir_kv0_sg,4,50v50_K2,0,777,0.2684849290609862,0.18746329594188302,0.4178787449645134,0.09201889547308476,0.03415414083630402
regir_kv0_sg,4,50v50_K2,1,777,0.2337176277823846,0.15253255380315223,0.49922075488070544,0.08917289802809049,0.025356174249847666
regir_kv0_sg,4,50v50_K2,2,777,0.1894253248144685,0.12319055691641373,0.5498840537118427,0.1134669756550273,0.02403309685187355
regir_kv0_sg,4,50v50_K2,3,777,0.15918831656114404,0.1096731710108882,0.5852270106611733,0.12041870297151801,0.025492807177298175
