budget,budget_kind,decision_seconds,depth,family_id,iterations_executed,method_id,simulation_physical_steps,state_id,task_id,verified_gain_vs_rule
1,terminal_branches,,1,known-rule-mixed-v5.1:20260907:shared:diagnostic:8v4:0,,T1_rollout,121,known-rule-mixed-v5.1:20260907:shared:diagnostic:8v4:0:event:0,T1,0.0
2,terminal_branches,,1,known-rule-mixed-v5.1:20260907:shared:diagnostic:8v4:0,,T1_rollout,237,known-rule-mixed-v5.1:20260907:shared:diagnostic:8v4:0:event:0,T1,0.0
1,terminal_branches,,1,known-rule-mixed-v5.1:20260907:shared:diagnostic:12v9:0,,T1_rollout,100,known-rule-mixed-v5.1:20260907:shared:diagnostic:12v9:0:event:0,T1,0.0
2,terminal_branches,,1,known-rule-mixed-v5.1:20260907:shared:diagnostic:12v9:0,,T1_rollout,196,known-rule-mixed-v5.1:20260907:shared:diagnostic:12v9:0:event:0,T1,0.0
1,terminal_branches,,1,known-rule-mixed-v5.1:20260907:shared:diagnostic:16v16:0,,T1_rollout,105,known-rule-mixed-v5.1:20260907:shared:diagnostic:16v16:0:event:0,T1,0.0
2,terminal_branches,,1,known-rule-mixed-v5.1:20260907:shared:diagnostic:16v16:0,,T1_rollout,212,known-rule-mixed-v5.1:20260907:shared:diagnostic:16v16:0:event:0,T1,0.0
2,MCTS_iterations,0.2872147001326084,1,known-rule-mixed-v5.1:20260907:shared:diagnostic:8v4:0,2,T2_mcts_dpw,56,known-rule-mixed-v5.1:20260907:shared:diagnostic:8v4:0:event:0,T2,0.5
4,MCTS_iterations,0.4844750000629574,1,known-rule-mixed-v5.1:20260907:shared:diagnostic:8v4:0,4,T2_mcts_dpw,108,known-rule-mixed-v5.1:20260907:shared:diagnostic:8v4:0:event:0,T2,0.5
8,MCTS_iterations,0.8469324000179768,1,known-rule-mixed-v5.1:20260907:shared:diagnostic:8v4:0,8,T2_mcts_dpw,218,known-rule-mixed-v5.1:20260907:shared:diagnostic:8v4:0:event:0,T2,0.5
2,MCTS_iterations,0.2380731999874115,2,known-rule-mixed-v5.1:20260907:shared:diagnostic:8v4:0,2,T2_mcts_dpw,56,known-rule-mixed-v5.1:20260907:shared:diagnostic:8v4:0:event:0,T2,0.5
4,MCTS_iterations,0.4305625001434237,2,known-rule-mixed-v5.1:20260907:shared:diagnostic:8v4:0,4,T2_mcts_dpw,114,known-rule-mixed-v5.1:20260907:shared:diagnostic:8v4:0:event:0,T2,0.5
8,MCTS_iterations,0.7771737999282777,2,known-rule-mixed-v5.1:20260907:shared:diagnostic:8v4:0,8,T2_mcts_dpw,225,known-rule-mixed-v5.1:20260907:shared:diagnostic:8v4:0:event:0,T2,0.5
matched_physical_work,MCTS_iterations,0.49716809997335076,1,known-rule-mixed-v5.1:20260907:shared:diagnostic:8v4:0,5,T2_mcts_dpw,135,known-rule-mixed-v5.1:20260907:shared:diagnostic:8v4:0:event:0,T2,0.5
2,MCTS_iterations,0.6475035999901593,1,known-rule-mixed-v5.1:20260907:shared:diagnostic:12v9:0,2,T2_mcts_dpw,57,known-rule-mixed-v5.1:20260907:shared:diagnostic:12v9:0:event:0,T2,0.0
4,MCTS_iterations,0.9804292998742312,1,known-rule-mixed-v5.1:20260907:shared:diagnostic:12v9:0,4,T2_mcts_dpw,101,known-rule-mixed-v5.1:20260907:shared:diagnostic:12v9:0:event:0,T2,0.0
8,MCTS_iterations,1.8188894998747855,1,known-rule-mixed-v5.1:20260907:shared:diagnostic:12v9:0,8,T2_mcts_dpw,198,known-rule-mixed-v5.1:20260907:shared:diagnostic:12v9:0:event:0,T2,0.0
2,MCTS_iterations,0.526312300004065,2,known-rule-mixed-v5.1:20260907:shared:diagnostic:12v9:0,2,T2_mcts_dpw,57,known-rule-mixed-v5.1:20260907:shared:diagnostic:12v9:0:event:0,T2,0.0
4,MCTS_iterations,0.9392811001744121,2,known-rule-mixed-v5.1:20260907:shared:diagnostic:12v9:0,4,T2_mcts_dpw,101,known-rule-mixed-v5.1:20260907:shared:diagnostic:12v9:0:event:0,T2,0.0
8,MCTS_iterations,2.0522344999480993,2,known-rule-mixed-v5.1:20260907:shared:diagnostic:12v9:0,8,T2_mcts_dpw,211,known-rule-mixed-v5.1:20260907:shared:diagnostic:12v9:0:event:0,T2,0.0
matched_physical_work,MCTS_iterations,0.8247338000219315,1,known-rule-mixed-v5.1:20260907:shared:diagnostic:12v9:0,4,T2_mcts_dpw,101,known-rule-mixed-v5.1:20260907:shared:diagnostic:12v9:0:event:0,T2,0.0
2,MCTS_iterations,0.8340251001063734,1,known-rule-mixed-v5.1:20260907:shared:diagnostic:16v16:0,2,T2_mcts_dpw,51,known-rule-mixed-v5.1:20260907:shared:diagnostic:16v16:0:event:0,T2,0.0
4,MCTS_iterations,1.4952877999749035,1,known-rule-mixed-v5.1:20260907:shared:diagnostic:16v16:0,4,T2_mcts_dpw,103,known-rule-mixed-v5.1:20260907:shared:diagnostic:16v16:0:event:0,T2,0.0
8,MCTS_iterations,3.4443237001542,1,known-rule-mixed-v5.1:20260907:shared:diagnostic:16v16:0,8,T2_mcts_dpw,201,known-rule-mixed-v5.1:20260907:shared:diagnostic:16v16:0:event:0,T2,0.0
2,MCTS_iterations,1.0717128000687808,2,known-rule-mixed-v5.1:20260907:shared:diagnostic:16v16:0,2,T2_mcts_dpw,51,known-rule-mixed-v5.1:20260907:shared:diagnostic:16v16:0:event:0,T2,0.0
4,MCTS_iterations,1.7884415998123586,2,known-rule-mixed-v5.1:20260907:shared:diagnostic:16v16:0,4,T2_mcts_dpw,103,known-rule-mixed-v5.1:20260907:shared:diagnostic:16v16:0:event:0,T2,0.0
8,MCTS_iterations,3.5823636997956783,2,known-rule-mixed-v5.1:20260907:shared:diagnostic:16v16:0,8,T2_mcts_dpw,201,known-rule-mixed-v5.1:20260907:shared:diagnostic:16v16:0:event:0,T2,0.0
matched_physical_work,MCTS_iterations,1.4921488999389112,1,known-rule-mixed-v5.1:20260907:shared:diagnostic:16v16:0,4,T2_mcts_dpw,103,known-rule-mixed-v5.1:20260907:shared:diagnostic:16v16:0:event:0,T2,0.0
