blue_red_ratio,cells,checkpoint_id,complete,episodes,macro_success_rate,method_id,observed_cells,paired_vs_rule,wins
0.5,1,latest,True,1,1.0,T1_rollout,1,"{""pairs"": 1, ""n00"": 0, ""n01"": 0, ""n10"": 0, ""n11"": 1, ""difference"": 0.0, ""interval95"": [-0.9875, 0.9875], ""interval_method"": ""Bonferroni combination of 97.5% Clopper-Pearson bounds""}",1
0.75,1,latest,True,1,0.0,T1_rollout,1,"{""pairs"": 1, ""n00"": 1, ""n01"": 0, ""n10"": 0, ""n11"": 0, ""difference"": 0.0, ""interval95"": [-0.9875, 0.9875], ""interval_method"": ""Bonferroni combination of 97.5% Clopper-Pearson bounds""}",0
1.0,1,latest,True,1,0.0,T1_rollout,1,"{""pairs"": 1, ""n00"": 1, ""n01"": 0, ""n10"": 0, ""n11"": 0, ""difference"": 0.0, ""interval95"": [-0.9875, 0.9875], ""interval_method"": ""Bonferroni combination of 97.5% Clopper-Pearson bounds""}",0
0.5,1,latest,True,1,1.0,T2_mcts_dpw,1,"{""pairs"": 1, ""n00"": 0, ""n01"": 0, ""n10"": 0, ""n11"": 1, ""difference"": 0.0, ""interval95"": [-0.9875, 0.9875], ""interval_method"": ""Bonferroni combination of 97.5% Clopper-Pearson bounds""}",1
0.75,1,latest,True,1,0.0,T2_mcts_dpw,1,"{""pairs"": 1, ""n00"": 1, ""n01"": 0, ""n10"": 0, ""n11"": 0, ""difference"": 0.0, ""interval95"": [-0.9875, 0.9875], ""interval_method"": ""Bonferroni combination of 97.5% Clopper-Pearson bounds""}",0
1.0,1,latest,True,1,0.0,T2_mcts_dpw,1,"{""pairs"": 1, ""n00"": 1, ""n01"": 0, ""n10"": 0, ""n11"": 0, ""difference"": 0.0, ""interval95"": [-0.9875, 0.9875], ""interval_method"": ""Bonferroni combination of 97.5% Clopper-Pearson bounds""}",0
0.5,1,frozen,True,1,1.0,frozen_b1,1,"{""pairs"": 1, ""n00"": 0, ""n01"": 0, ""n10"": 0, ""n11"": 1, ""difference"": 0.0, ""interval95"": [-0.9875, 0.9875], ""interval_method"": ""Bonferroni combination of 97.5% Clopper-Pearson bounds""}",1
0.75,1,frozen,True,1,0.0,frozen_b1,1,"{""pairs"": 1, ""n00"": 1, ""n01"": 0, ""n10"": 0, ""n11"": 0, ""difference"": 0.0, ""interval95"": [-0.9875, 0.9875], ""interval_method"": ""Bonferroni combination of 97.5% Clopper-Pearson bounds""}",0
1.0,1,frozen,True,1,0.0,frozen_b1,1,"{""pairs"": 1, ""n00"": 1, ""n01"": 0, ""n10"": 0, ""n11"": 0, ""difference"": 0.0, ""interval95"": [-0.9875, 0.9875], ""interval_method"": ""Bonferroni combination of 97.5% Clopper-Pearson bounds""}",0
0.5,1,frozen,True,1,0.0,frozen_b3,1,"{""pairs"": 1, ""n00"": 0, ""n01"": 1, ""n10"": 0, ""n11"": 0, ""difference"": -1.0, ""interval95"": [-1.0, 0.9750000000000001], ""interval_method"": ""Bonferroni combination of 97.5% Clopper-Pearson bounds""}",0
0.75,1,frozen,True,1,0.0,frozen_b3,1,"{""pairs"": 1, ""n00"": 1, ""n01"": 0, ""n10"": 0, ""n11"": 0, ""difference"": 0.0, ""interval95"": [-0.9875, 0.9875], ""interval_method"": ""Bonferroni combination of 97.5% Clopper-Pearson bounds""}",0
1.0,1,frozen,True,1,0.0,frozen_b3,1,"{""pairs"": 1, ""n00"": 1, ""n01"": 0, ""n10"": 0, ""n11"": 0, ""difference"": 0.0, ""interval95"": [-0.9875, 0.9875], ""interval_method"": ""Bonferroni combination of 97.5% Clopper-Pearson bounds""}",0
0.5,1,frozen,True,1,1.0,grand,1,"{""pairs"": 1, ""n00"": 0, ""n01"": 0, ""n10"": 0, ""n11"": 1, ""difference"": 0.0, ""interval95"": [-0.9875, 0.9875], ""interval_method"": ""Bonferroni combination of 97.5% Clopper-Pearson bounds""}",1
0.75,1,frozen,True,1,0.0,grand,1,"{""pairs"": 1, ""n00"": 1, ""n01"": 0, ""n10"": 0, ""n11"": 0, ""difference"": 0.0, ""interval95"": [-0.9875, 0.9875], ""interval_method"": ""Bonferroni combination of 97.5% Clopper-Pearson bounds""}",0
1.0,1,frozen,True,1,0.0,grand,1,"{""pairs"": 1, ""n00"": 1, ""n01"": 0, ""n10"": 0, ""n11"": 0, ""difference"": 0.0, ""interval95"": [-0.9875, 0.9875], ""interval_method"": ""Bonferroni combination of 97.5% Clopper-Pearson bounds""}",0
0.5,1,frozen,True,1,1.0,rule,1,"{""pairs"": 1, ""n00"": 0, ""n01"": 0, ""n10"": 0, ""n11"": 1, ""difference"": 0.0, ""interval95"": [-0.9875, 0.9875], ""interval_method"": ""Bonferroni combination of 97.5% Clopper-Pearson bounds""}",1
0.75,1,frozen,True,1,0.0,rule,1,"{""pairs"": 1, ""n00"": 1, ""n01"": 0, ""n10"": 0, ""n11"": 0, ""difference"": 0.0, ""interval95"": [-0.9875, 0.9875], ""interval_method"": ""Bonferroni combination of 97.5% Clopper-Pearson bounds""}",0
1.0,1,frozen,True,1,0.0,rule,1,"{""pairs"": 1, ""n00"": 1, ""n01"": 0, ""n10"": 0, ""n11"": 0, ""difference"": 0.0, ""interval95"": [-0.9875, 0.9875], ""interval_method"": ""Bonferroni combination of 97.5% Clopper-Pearson bounds""}",0
0.5,1,frozen,True,1,0.0,singleton,1,"{""pairs"": 1, ""n00"": 0, ""n01"": 1, ""n10"": 0, ""n11"": 0, ""difference"": -1.0, ""interval95"": [-1.0, 0.9750000000000001], ""interval_method"": ""Bonferroni combination of 97.5% Clopper-Pearson bounds""}",0
0.75,1,frozen,True,1,0.0,singleton,1,"{""pairs"": 1, ""n00"": 1, ""n01"": 0, ""n10"": 0, ""n11"": 0, ""difference"": 0.0, ""interval95"": [-0.9875, 0.9875], ""interval_method"": ""Bonferroni combination of 97.5% Clopper-Pearson bounds""}",0
1.0,1,frozen,True,1,0.0,singleton,1,"{""pairs"": 1, ""n00"": 1, ""n01"": 0, ""n10"": 0, ""n11"": 0, ""difference"": 0.0, ""interval95"": [-0.9875, 0.9875], ""interval_method"": ""Bonferroni combination of 97.5% Clopper-Pearson bounds""}",0
0.5,1,latest,True,1,0.0,t3_autoregressive,1,"{""pairs"": 1, ""n00"": 0, ""n01"": 1, ""n10"": 0, ""n11"": 0, ""difference"": -1.0, ""interval95"": [-1.0, 0.9750000000000001], ""interval_method"": ""Bonferroni combination of 97.5% Clopper-Pearson bounds""}",0
0.75,1,latest,True,1,0.0,t3_autoregressive,1,"{""pairs"": 1, ""n00"": 1, ""n01"": 0, ""n10"": 0, ""n11"": 0, ""difference"": 0.0, ""interval95"": [-0.9875, 0.9875], ""interval_method"": ""Bonferroni combination of 97.5% Clopper-Pearson bounds""}",0
1.0,1,latest,True,1,0.0,t3_autoregressive,1,"{""pairs"": 1, ""n00"": 1, ""n01"": 0, ""n10"": 0, ""n11"": 0, ""difference"": 0.0, ""interval95"": [-0.9875, 0.9875], ""interval_method"": ""Bonferroni combination of 97.5% Clopper-Pearson bounds""}",0
0.5,1,latest,True,1,0.0,t3_candidate,1,"{""pairs"": 1, ""n00"": 0, ""n01"": 1, ""n10"": 0, ""n11"": 0, ""difference"": -1.0, ""interval95"": [-1.0, 0.9750000000000001], ""interval_method"": ""Bonferroni combination of 97.5% Clopper-Pearson bounds""}",0
0.75,1,latest,True,1,0.0,t3_candidate,1,"{""pairs"": 1, ""n00"": 1, ""n01"": 0, ""n10"": 0, ""n11"": 0, ""difference"": 0.0, ""interval95"": [-0.9875, 0.9875], ""interval_method"": ""Bonferroni combination of 97.5% Clopper-Pearson bounds""}",0
1.0,1,latest,True,1,0.0,t3_candidate,1,"{""pairs"": 1, ""n00"": 1, ""n01"": 0, ""n10"": 0, ""n11"": 0, ""difference"": 0.0, ""interval95"": [-0.9875, 0.9875], ""interval_method"": ""Bonferroni combination of 97.5% Clopper-Pearson bounds""}",0
0.5,1,latest,True,1,0.0,t4_exit,1,"{""pairs"": 1, ""n00"": 0, ""n01"": 1, ""n10"": 0, ""n11"": 0, ""difference"": -1.0, ""interval95"": [-1.0, 0.9750000000000001], ""interval_method"": ""Bonferroni combination of 97.5% Clopper-Pearson bounds""}",0
0.75,1,latest,True,1,0.0,t4_exit,1,"{""pairs"": 1, ""n00"": 1, ""n01"": 0, ""n10"": 0, ""n11"": 0, ""difference"": 0.0, ""interval95"": [-0.9875, 0.9875], ""interval_method"": ""Bonferroni combination of 97.5% Clopper-Pearson bounds""}",0
1.0,1,latest,True,1,0.0,t4_exit,1,"{""pairs"": 1, ""n00"": 1, ""n01"": 0, ""n10"": 0, ""n11"": 0, ""difference"": 0.0, ""interval95"": [-0.9875, 0.9875], ""interval_method"": ""Bonferroni combination of 97.5% Clopper-Pearson bounds""}",0
0.5,1,final_construction,True,1,1.0,t5_bridge_grouping,1,"{""pairs"": 1, ""n00"": 0, ""n01"": 0, ""n10"": 0, ""n11"": 1, ""difference"": 0.0, ""interval95"": [-0.9875, 0.9875], ""interval_method"": ""Bonferroni combination of 97.5% Clopper-Pearson bounds""}",1
0.75,1,final_construction,True,1,0.0,t5_bridge_grouping,1,"{""pairs"": 1, ""n00"": 1, ""n01"": 0, ""n10"": 0, ""n11"": 0, ""difference"": 0.0, ""interval95"": [-0.9875, 0.9875], ""interval_method"": ""Bonferroni combination of 97.5% Clopper-Pearson bounds""}",0
1.0,1,final_construction,True,1,0.0,t5_bridge_grouping,1,"{""pairs"": 1, ""n00"": 1, ""n01"": 0, ""n10"": 0, ""n11"": 0, ""difference"": 0.0, ""interval95"": [-0.9875, 0.9875], ""interval_method"": ""Bonferroni combination of 97.5% Clopper-Pearson bounds""}",0
0.5,1,final_epoch,True,1,1.0,t6_adv,1,"{""pairs"": 1, ""n00"": 0, ""n01"": 0, ""n10"": 0, ""n11"": 1, ""difference"": 0.0, ""interval95"": [-0.9875, 0.9875], ""interval_method"": ""Bonferroni combination of 97.5% Clopper-Pearson bounds""}",1
0.75,1,final_epoch,True,1,0.0,t6_adv,1,"{""pairs"": 1, ""n00"": 1, ""n01"": 0, ""n10"": 0, ""n11"": 0, ""difference"": 0.0, ""interval95"": [-0.9875, 0.9875], ""interval_method"": ""Bonferroni combination of 97.5% Clopper-Pearson bounds""}",0
1.0,1,final_epoch,True,1,0.0,t6_adv,1,"{""pairs"": 1, ""n00"": 1, ""n01"": 0, ""n10"": 0, ""n11"": 0, ""difference"": 0.0, ""interval95"": [-0.9875, 0.9875], ""interval_method"": ""Bonferroni combination of 97.5% Clopper-Pearson bounds""}",0
0.5,1,final_epoch,True,1,1.0,t6_adv_gated,1,"{""pairs"": 1, ""n00"": 0, ""n01"": 0, ""n10"": 0, ""n11"": 1, ""difference"": 0.0, ""interval95"": [-0.9875, 0.9875], ""interval_method"": ""Bonferroni combination of 97.5% Clopper-Pearson bounds""}",1
0.75,1,final_epoch,True,1,0.0,t6_adv_gated,1,"{""pairs"": 1, ""n00"": 1, ""n01"": 0, ""n10"": 0, ""n11"": 0, ""difference"": 0.0, ""interval95"": [-0.9875, 0.9875], ""interval_method"": ""Bonferroni combination of 97.5% Clopper-Pearson bounds""}",0
1.0,1,final_epoch,True,1,0.0,t6_adv_gated,1,"{""pairs"": 1, ""n00"": 1, ""n01"": 0, ""n10"": 0, ""n11"": 0, ""difference"": 0.0, ""interval95"": [-0.9875, 0.9875], ""interval_method"": ""Bonferroni combination of 97.5% Clopper-Pearson bounds""}",0
0.5,1,final_epoch,True,1,0.0,t6_bce,1,"{""pairs"": 1, ""n00"": 0, ""n01"": 1, ""n10"": 0, ""n11"": 0, ""difference"": -1.0, ""interval95"": [-1.0, 0.9750000000000001], ""interval_method"": ""Bonferroni combination of 97.5% Clopper-Pearson bounds""}",0
0.75,1,final_epoch,True,1,0.0,t6_bce,1,"{""pairs"": 1, ""n00"": 1, ""n01"": 0, ""n10"": 0, ""n11"": 0, ""difference"": 0.0, ""interval95"": [-0.9875, 0.9875], ""interval_method"": ""Bonferroni combination of 97.5% Clopper-Pearson bounds""}",0
1.0,1,final_epoch,True,1,0.0,t6_bce,1,"{""pairs"": 1, ""n00"": 1, ""n01"": 0, ""n10"": 0, ""n11"": 0, ""difference"": 0.0, ""interval95"": [-0.9875, 0.9875], ""interval_method"": ""Bonferroni combination of 97.5% Clopper-Pearson bounds""}",0
