blue_count,blue_red_ratio,checkpoint_id,complete,episodes,method_id,paired_vs_rule,red_count,success_rate,wilson95,wins
4,0.5,latest,True,1,T1_rollout,"{""pairs"": 1, ""n00"": 0, ""n01"": 0, ""n10"": 0, ""n11"": 1, ""difference"": 0.0, ""interval95"": [-0.9875, 0.9875], ""interval_method"": ""Bonferroni combination of 97.5% Clopper-Pearson bounds""}",8,1.0,"[0.20654931437723745, 1.0]",1
9,0.75,latest,True,1,T1_rollout,"{""pairs"": 1, ""n00"": 1, ""n01"": 0, ""n10"": 0, ""n11"": 0, ""difference"": 0.0, ""interval95"": [-0.9875, 0.9875], ""interval_method"": ""Bonferroni combination of 97.5% Clopper-Pearson bounds""}",12,0.0,"[0.0, 0.7934506856227626]",0
16,1.0,latest,True,1,T1_rollout,"{""pairs"": 1, ""n00"": 1, ""n01"": 0, ""n10"": 0, ""n11"": 0, ""difference"": 0.0, ""interval95"": [-0.9875, 0.9875], ""interval_method"": ""Bonferroni combination of 97.5% Clopper-Pearson bounds""}",16,0.0,"[0.0, 0.7934506856227626]",0
4,0.5,latest,True,1,T2_mcts_dpw,"{""pairs"": 1, ""n00"": 0, ""n01"": 0, ""n10"": 0, ""n11"": 1, ""difference"": 0.0, ""interval95"": [-0.9875, 0.9875], ""interval_method"": ""Bonferroni combination of 97.5% Clopper-Pearson bounds""}",8,1.0,"[0.20654931437723745, 1.0]",1
9,0.75,latest,True,1,T2_mcts_dpw,"{""pairs"": 1, ""n00"": 1, ""n01"": 0, ""n10"": 0, ""n11"": 0, ""difference"": 0.0, ""interval95"": [-0.9875, 0.9875], ""interval_method"": ""Bonferroni combination of 97.5% Clopper-Pearson bounds""}",12,0.0,"[0.0, 0.7934506856227626]",0
16,1.0,latest,True,1,T2_mcts_dpw,"{""pairs"": 1, ""n00"": 1, ""n01"": 0, ""n10"": 0, ""n11"": 0, ""difference"": 0.0, ""interval95"": [-0.9875, 0.9875], ""interval_method"": ""Bonferroni combination of 97.5% Clopper-Pearson bounds""}",16,0.0,"[0.0, 0.7934506856227626]",0
4,0.5,frozen,True,1,frozen_b1,"{""pairs"": 1, ""n00"": 0, ""n01"": 0, ""n10"": 0, ""n11"": 1, ""difference"": 0.0, ""interval95"": [-0.9875, 0.9875], ""interval_method"": ""Bonferroni combination of 97.5% Clopper-Pearson bounds""}",8,1.0,"[0.20654931437723745, 1.0]",1
9,0.75,frozen,True,1,frozen_b1,"{""pairs"": 1, ""n00"": 1, ""n01"": 0, ""n10"": 0, ""n11"": 0, ""difference"": 0.0, ""interval95"": [-0.9875, 0.9875], ""interval_method"": ""Bonferroni combination of 97.5% Clopper-Pearson bounds""}",12,0.0,"[0.0, 0.7934506856227626]",0
16,1.0,frozen,True,1,frozen_b1,"{""pairs"": 1, ""n00"": 1, ""n01"": 0, ""n10"": 0, ""n11"": 0, ""difference"": 0.0, ""interval95"": [-0.9875, 0.9875], ""interval_method"": ""Bonferroni combination of 97.5% Clopper-Pearson bounds""}",16,0.0,"[0.0, 0.7934506856227626]",0
4,0.5,frozen,True,1,frozen_b3,"{""pairs"": 1, ""n00"": 0, ""n01"": 1, ""n10"": 0, ""n11"": 0, ""difference"": -1.0, ""interval95"": [-1.0, 0.9750000000000001], ""interval_method"": ""Bonferroni combination of 97.5% Clopper-Pearson bounds""}",8,0.0,"[0.0, 0.7934506856227626]",0
9,0.75,frozen,True,1,frozen_b3,"{""pairs"": 1, ""n00"": 1, ""n01"": 0, ""n10"": 0, ""n11"": 0, ""difference"": 0.0, ""interval95"": [-0.9875, 0.9875], ""interval_method"": ""Bonferroni combination of 97.5% Clopper-Pearson bounds""}",12,0.0,"[0.0, 0.7934506856227626]",0
16,1.0,frozen,True,1,frozen_b3,"{""pairs"": 1, ""n00"": 1, ""n01"": 0, ""n10"": 0, ""n11"": 0, ""difference"": 0.0, ""interval95"": [-0.9875, 0.9875], ""interval_method"": ""Bonferroni combination of 97.5% Clopper-Pearson bounds""}",16,0.0,"[0.0, 0.7934506856227626]",0
4,0.5,frozen,True,1,grand,"{""pairs"": 1, ""n00"": 0, ""n01"": 0, ""n10"": 0, ""n11"": 1, ""difference"": 0.0, ""interval95"": [-0.9875, 0.9875], ""interval_method"": ""Bonferroni combination of 97.5% Clopper-Pearson bounds""}",8,1.0,"[0.20654931437723745, 1.0]",1
9,0.75,frozen,True,1,grand,"{""pairs"": 1, ""n00"": 1, ""n01"": 0, ""n10"": 0, ""n11"": 0, ""difference"": 0.0, ""interval95"": [-0.9875, 0.9875], ""interval_method"": ""Bonferroni combination of 97.5% Clopper-Pearson bounds""}",12,0.0,"[0.0, 0.7934506856227626]",0
16,1.0,frozen,True,1,grand,"{""pairs"": 1, ""n00"": 1, ""n01"": 0, ""n10"": 0, ""n11"": 0, ""difference"": 0.0, ""interval95"": [-0.9875, 0.9875], ""interval_method"": ""Bonferroni combination of 97.5% Clopper-Pearson bounds""}",16,0.0,"[0.0, 0.7934506856227626]",0
4,0.5,frozen,True,1,rule,"{""pairs"": 1, ""n00"": 0, ""n01"": 0, ""n10"": 0, ""n11"": 1, ""difference"": 0.0, ""interval95"": [-0.9875, 0.9875], ""interval_method"": ""Bonferroni combination of 97.5% Clopper-Pearson bounds""}",8,1.0,"[0.20654931437723745, 1.0]",1
9,0.75,frozen,True,1,rule,"{""pairs"": 1, ""n00"": 1, ""n01"": 0, ""n10"": 0, ""n11"": 0, ""difference"": 0.0, ""interval95"": [-0.9875, 0.9875], ""interval_method"": ""Bonferroni combination of 97.5% Clopper-Pearson bounds""}",12,0.0,"[0.0, 0.7934506856227626]",0
16,1.0,frozen,True,1,rule,"{""pairs"": 1, ""n00"": 1, ""n01"": 0, ""n10"": 0, ""n11"": 0, ""difference"": 0.0, ""interval95"": [-0.9875, 0.9875], ""interval_method"": ""Bonferroni combination of 97.5% Clopper-Pearson bounds""}",16,0.0,"[0.0, 0.7934506856227626]",0
4,0.5,frozen,True,1,singleton,"{""pairs"": 1, ""n00"": 0, ""n01"": 1, ""n10"": 0, ""n11"": 0, ""difference"": -1.0, ""interval95"": [-1.0, 0.9750000000000001], ""interval_method"": ""Bonferroni combination of 97.5% Clopper-Pearson bounds""}",8,0.0,"[0.0, 0.7934506856227626]",0
9,0.75,frozen,True,1,singleton,"{""pairs"": 1, ""n00"": 1, ""n01"": 0, ""n10"": 0, ""n11"": 0, ""difference"": 0.0, ""interval95"": [-0.9875, 0.9875], ""interval_method"": ""Bonferroni combination of 97.5% Clopper-Pearson bounds""}",12,0.0,"[0.0, 0.7934506856227626]",0
16,1.0,frozen,True,1,singleton,"{""pairs"": 1, ""n00"": 1, ""n01"": 0, ""n10"": 0, ""n11"": 0, ""difference"": 0.0, ""interval95"": [-0.9875, 0.9875], ""interval_method"": ""Bonferroni combination of 97.5% Clopper-Pearson bounds""}",16,0.0,"[0.0, 0.7934506856227626]",0
4,0.5,latest,True,1,t3_autoregressive,"{""pairs"": 1, ""n00"": 0, ""n01"": 1, ""n10"": 0, ""n11"": 0, ""difference"": -1.0, ""interval95"": [-1.0, 0.9750000000000001], ""interval_method"": ""Bonferroni combination of 97.5% Clopper-Pearson bounds""}",8,0.0,"[0.0, 0.7934506856227626]",0
9,0.75,latest,True,1,t3_autoregressive,"{""pairs"": 1, ""n00"": 1, ""n01"": 0, ""n10"": 0, ""n11"": 0, ""difference"": 0.0, ""interval95"": [-0.9875, 0.9875], ""interval_method"": ""Bonferroni combination of 97.5% Clopper-Pearson bounds""}",12,0.0,"[0.0, 0.7934506856227626]",0
16,1.0,latest,True,1,t3_autoregressive,"{""pairs"": 1, ""n00"": 1, ""n01"": 0, ""n10"": 0, ""n11"": 0, ""difference"": 0.0, ""interval95"": [-0.9875, 0.9875], ""interval_method"": ""Bonferroni combination of 97.5% Clopper-Pearson bounds""}",16,0.0,"[0.0, 0.7934506856227626]",0
4,0.5,latest,True,1,t3_candidate,"{""pairs"": 1, ""n00"": 0, ""n01"": 1, ""n10"": 0, ""n11"": 0, ""difference"": -1.0, ""interval95"": [-1.0, 0.9750000000000001], ""interval_method"": ""Bonferroni combination of 97.5% Clopper-Pearson bounds""}",8,0.0,"[0.0, 0.7934506856227626]",0
9,0.75,latest,True,1,t3_candidate,"{""pairs"": 1, ""n00"": 1, ""n01"": 0, ""n10"": 0, ""n11"": 0, ""difference"": 0.0, ""interval95"": [-0.9875, 0.9875], ""interval_method"": ""Bonferroni combination of 97.5% Clopper-Pearson bounds""}",12,0.0,"[0.0, 0.7934506856227626]",0
16,1.0,latest,True,1,t3_candidate,"{""pairs"": 1, ""n00"": 1, ""n01"": 0, ""n10"": 0, ""n11"": 0, ""difference"": 0.0, ""interval95"": [-0.9875, 0.9875], ""interval_method"": ""Bonferroni combination of 97.5% Clopper-Pearson bounds""}",16,0.0,"[0.0, 0.7934506856227626]",0
4,0.5,latest,True,1,t4_exit,"{""pairs"": 1, ""n00"": 0, ""n01"": 1, ""n10"": 0, ""n11"": 0, ""difference"": -1.0, ""interval95"": [-1.0, 0.9750000000000001], ""interval_method"": ""Bonferroni combination of 97.5% Clopper-Pearson bounds""}",8,0.0,"[0.0, 0.7934506856227626]",0
9,0.75,latest,True,1,t4_exit,"{""pairs"": 1, ""n00"": 1, ""n01"": 0, ""n10"": 0, ""n11"": 0, ""difference"": 0.0, ""interval95"": [-0.9875, 0.9875], ""interval_method"": ""Bonferroni combination of 97.5% Clopper-Pearson bounds""}",12,0.0,"[0.0, 0.7934506856227626]",0
16,1.0,latest,True,1,t4_exit,"{""pairs"": 1, ""n00"": 1, ""n01"": 0, ""n10"": 0, ""n11"": 0, ""difference"": 0.0, ""interval95"": [-0.9875, 0.9875], ""interval_method"": ""Bonferroni combination of 97.5% Clopper-Pearson bounds""}",16,0.0,"[0.0, 0.7934506856227626]",0
4,0.5,final_construction,True,1,t5_bridge_grouping,"{""pairs"": 1, ""n00"": 0, ""n01"": 0, ""n10"": 0, ""n11"": 1, ""difference"": 0.0, ""interval95"": [-0.9875, 0.9875], ""interval_method"": ""Bonferroni combination of 97.5% Clopper-Pearson bounds""}",8,1.0,"[0.20654931437723745, 1.0]",1
9,0.75,final_construction,True,1,t5_bridge_grouping,"{""pairs"": 1, ""n00"": 1, ""n01"": 0, ""n10"": 0, ""n11"": 0, ""difference"": 0.0, ""interval95"": [-0.9875, 0.9875], ""interval_method"": ""Bonferroni combination of 97.5% Clopper-Pearson bounds""}",12,0.0,"[0.0, 0.7934506856227626]",0
16,1.0,final_construction,True,1,t5_bridge_grouping,"{""pairs"": 1, ""n00"": 1, ""n01"": 0, ""n10"": 0, ""n11"": 0, ""difference"": 0.0, ""interval95"": [-0.9875, 0.9875], ""interval_method"": ""Bonferroni combination of 97.5% Clopper-Pearson bounds""}",16,0.0,"[0.0, 0.7934506856227626]",0
4,0.5,final_epoch,True,1,t6_adv,"{""pairs"": 1, ""n00"": 0, ""n01"": 0, ""n10"": 0, ""n11"": 1, ""difference"": 0.0, ""interval95"": [-0.9875, 0.9875], ""interval_method"": ""Bonferroni combination of 97.5% Clopper-Pearson bounds""}",8,1.0,"[0.20654931437723745, 1.0]",1
9,0.75,final_epoch,True,1,t6_adv,"{""pairs"": 1, ""n00"": 1, ""n01"": 0, ""n10"": 0, ""n11"": 0, ""difference"": 0.0, ""interval95"": [-0.9875, 0.9875], ""interval_method"": ""Bonferroni combination of 97.5% Clopper-Pearson bounds""}",12,0.0,"[0.0, 0.7934506856227626]",0
16,1.0,final_epoch,True,1,t6_adv,"{""pairs"": 1, ""n00"": 1, ""n01"": 0, ""n10"": 0, ""n11"": 0, ""difference"": 0.0, ""interval95"": [-0.9875, 0.9875], ""interval_method"": ""Bonferroni combination of 97.5% Clopper-Pearson bounds""}",16,0.0,"[0.0, 0.7934506856227626]",0
4,0.5,final_epoch,True,1,t6_adv_gated,"{""pairs"": 1, ""n00"": 0, ""n01"": 0, ""n10"": 0, ""n11"": 1, ""difference"": 0.0, ""interval95"": [-0.9875, 0.9875], ""interval_method"": ""Bonferroni combination of 97.5% Clopper-Pearson bounds""}",8,1.0,"[0.20654931437723745, 1.0]",1
9,0.75,final_epoch,True,1,t6_adv_gated,"{""pairs"": 1, ""n00"": 1, ""n01"": 0, ""n10"": 0, ""n11"": 0, ""difference"": 0.0, ""interval95"": [-0.9875, 0.9875], ""interval_method"": ""Bonferroni combination of 97.5% Clopper-Pearson bounds""}",12,0.0,"[0.0, 0.7934506856227626]",0
16,1.0,final_epoch,True,1,t6_adv_gated,"{""pairs"": 1, ""n00"": 1, ""n01"": 0, ""n10"": 0, ""n11"": 0, ""difference"": 0.0, ""interval95"": [-0.9875, 0.9875], ""interval_method"": ""Bonferroni combination of 97.5% Clopper-Pearson bounds""}",16,0.0,"[0.0, 0.7934506856227626]",0
4,0.5,final_epoch,True,1,t6_bce,"{""pairs"": 1, ""n00"": 0, ""n01"": 1, ""n10"": 0, ""n11"": 0, ""difference"": -1.0, ""interval95"": [-1.0, 0.9750000000000001], ""interval_method"": ""Bonferroni combination of 97.5% Clopper-Pearson bounds""}",8,0.0,"[0.0, 0.7934506856227626]",0
9,0.75,final_epoch,True,1,t6_bce,"{""pairs"": 1, ""n00"": 1, ""n01"": 0, ""n10"": 0, ""n11"": 0, ""difference"": 0.0, ""interval95"": [-0.9875, 0.9875], ""interval_method"": ""Bonferroni combination of 97.5% Clopper-Pearson bounds""}",12,0.0,"[0.0, 0.7934506856227626]",0
16,1.0,final_epoch,True,1,t6_bce,"{""pairs"": 1, ""n00"": 1, ""n01"": 0, ""n10"": 0, ""n11"": 0, ""difference"": 0.0, ""interval95"": [-0.9875, 0.9875], ""interval_method"": ""Bonferroni combination of 97.5% Clopper-Pearson bounds""}",16,0.0,"[0.0, 0.7934506856227626]",0
