task_id,method_id,checkpoint_id,training_seed,wins,episodes,expected_episodes,success_rate,wilson95,macro_success_rate,observed_cells,expected_cells,equal_count_success_rate,equal_count_episodes,never_deployed_rate,reserve_exposure_fraction,real_environment_steps,planner_sim_steps,complete,evidence_status,path,decision_samples,decision_p50_ms,decision_p95_ms,decision_latency_source,episode_median_latency_mean_ms,serial_decision_mean_ms,serial_decision_p50_ms,serial_decision_p95_ms,serial_decision_samples,serial_latency_complete,paired_episodes,paired_difference,paired_lower95,paired_upper95,paired_extra_wins,paired_extra_losses
T1,T1_rollout,latest,20260907,1,3,3,0.3333333333333333,"[0.06149194472039621, 0.7923403991979522]",0.3333333333333333,3,3,0.0,1,0.0,0.0,84,4007,True,smoke_only,E:\Code\Open_Score\Open-SCORE\outputs\v5_acceptance_final\T1\evaluations\T1_rollout\test\latest,35,483.56850002892315,2154.244379932059,recorded_command_events,679.184666601941,1172.0555999005835,1088.8554998673499,1734.0961898909882,3,True,3,0.0,-0.7679205583193613,0.7679205583193613,0,0
T2,T2_mcts_dpw,latest,20260907,1,3,3,0.3333333333333333,"[0.06149194472039621, 0.7923403991979522]",0.3333333333333333,3,3,0.0,1,0.0,0.0,65,1736,True,smoke_only,E:\Code\Open_Score\Open-SCORE\outputs\v5_acceptance_final\T2\evaluations\T2_mcts_dpw\test\latest,29,388.5554999578744,1329.3810801114878,recorded_command_events,427.77246663657326,712.40929987592,626.7060998361558,1111.2021098379046,3,True,3,0.0,-0.7679205583193613,0.7679205583193613,0,0
T1,frozen_b1,frozen,20260907,1,3,3,0.3333333333333333,"[0.06149194472039621, 0.7923403991979522]",0.3333333333333333,3,3,0.0,1,0.0,0.3395033122419273,65,0,True,smoke_only,E:\Code\Open_Score\Open-SCORE\outputs\v5_acceptance_final\T1\evaluations\frozen_b1\test\frozen,31,16.88869995996356,65.29240007512271,recorded_command_events,17.45223335456103,40.56696663610637,29.03759991750121,78.55091996025293,3,True,3,0.0,-0.7679205583193613,0.7679205583193613,0,0
T1,frozen_b3,frozen,20260907,0,3,3,0.0,"[5.551115123125783e-17, 0.5614970317550454]",0.0,3,3,0.0,1,0.0,0.6177892783397371,78,0,True,smoke_only,E:\Code\Open_Score\Open-SCORE\outputs\v5_acceptance_final\T1\evaluations\frozen_b3\test\frozen,27,39.952600141987205,55.92398997396231,recorded_command_events,41.65943339467049,32.537766732275486,33.53279992006719,35.02140014898032,3,True,3,-0.3333333333333333,-0.9339810982694496,0.7637364089643179,0,1
T1,grand,frozen,20260907,1,3,3,0.3333333333333333,"[0.06149194472039621, 0.7923403991979522]",0.3333333333333333,3,3,0.0,1,0.0,0.0,63,0,True,smoke_only,E:\Code\Open_Score\Open-SCORE\outputs\v5_acceptance_final\T1\evaluations\grand\test\frozen,31,0.544500071555376,1.3656499795615673,recorded_command_events,0.607316653865079,0.687933216492335,0.6234999746084213,0.9852098999544978,3,True,3,0.0,-0.7679205583193613,0.7679205583193613,0,0
T1,rule,frozen,20260907,1,3,3,0.3333333333333333,"[0.06149194472039621, 0.7923403991979522]",0.3333333333333333,3,3,0.0,1,0.0,0.0,85,0,True,smoke_only,E:\Code\Open_Score\Open-SCORE\outputs\v5_acceptance_final\T1\evaluations\rule\test\frozen,35,0.5986001342535019,1.695440034382044,recorded_command_events,0.6286667194217443,0.925933321317037,0.851399963721633,1.3926598941907287,3,True,3,0.0,-0.7679205583193613,0.7679205583193613,0,0
T1,singleton,frozen,20260907,0,3,3,0.0,"[5.551115123125783e-17, 0.5614970317550454]",0.0,3,3,0.0,1,0.0,0.0,86,0,True,smoke_only,E:\Code\Open_Score\Open-SCORE\outputs\v5_acceptance_final\T1\evaluations\singleton\test\frozen,31,0.6165998056530952,1.1142999865114689,recorded_command_events,0.5944333194444577,0.8196999163677295,0.7777998689562082,1.136539876461029,3,True,3,-0.3333333333333333,-0.9339810982694496,0.7637364089643179,0,1
T3,t3_autoregressive,latest,20260907,0,3,3,0.0,"[5.551115123125783e-17, 0.5614970317550454]",0.0,3,3,0.0,1,0.0,0.0,86,0,True,smoke_only,E:\Code\Open_Score\Open-SCORE\outputs\v5_acceptance_final\T3\evaluations\t3_autoregressive\test\latest,35,5.281599937006831,10.7632900821045,recorded_command_events,5.253166736414035,6.839133333414793,6.285799900069833,8.393240021541715,3,True,3,-0.3333333333333333,-0.9339810982694496,0.7637364089643179,0,1
T3,t3_candidate,latest,20260907,0,3,3,0.0,"[5.551115123125783e-17, 0.5614970317550454]",0.0,3,3,0.0,1,0.0,0.0,76,0,True,smoke_only,E:\Code\Open_Score\Open-SCORE\outputs\v5_acceptance_final\T3\evaluations\t3_candidate\test\latest,32,5.828650086186826,11.224119935650377,recorded_command_events,5.8691666927188635,5.2296666738887625,4.848700016736984,6.209050002507865,3,True,3,-0.3333333333333333,-0.9339810982694496,0.7637364089643179,0,1
T4,t4_exit,latest,20260907,0,3,3,0.0,"[5.551115123125783e-17, 0.5614970317550454]",0.0,3,3,0.0,1,0.0,0.0,77,0,True,smoke_only,E:\Code\Open_Score\Open-SCORE\outputs\v5_acceptance_final\T4\evaluations\t4_exit\test\latest,35,3.4755999222397804,6.063780025579033,recorded_command_events,3.656349998588363,4.308499939118822,4.070500144734979,5.527059920132159,3,True,3,-0.3333333333333333,-0.9339810982694496,0.7637364089643179,0,1
T5,t5_bridge_grouping,final_construction,20260907,1,3,3,0.3333333333333333,"[0.06149194472039621, 0.7923403991979522]",0.3333333333333333,3,3,0.0,1,0.0,0.0,62,0,True,smoke_only,E:\Code\Open_Score\Open-SCORE\outputs\v5_acceptance_final\T5\evaluations\t5_bridge_grouping\test\final_construction,32,2.4248999543488026,8.369979984126985,recorded_command_events,3.117416713697215,4.832066673164566,4.406200023368001,6.78057987242937,3,True,3,0.0,-0.7679205583193613,0.7679205583193613,0,0
T6,t6_adv,final_epoch,20260907,1,3,3,0.3333333333333333,"[0.06149194472039621, 0.7923403991979522]",0.3333333333333333,3,3,0.0,1,0.0,0.0,85,0,True,smoke_only,E:\Code\Open_Score\Open-SCORE\outputs\v5_acceptance_final\T6\evaluations\t6_adv\test\final_epoch,35,12.741500046104193,24.581229989416883,recorded_command_events,12.739366618916392,11.231399917354187,11.405299883335829,14.382590027526021,3,True,3,0.0,-0.7679205583193613,0.7679205583193613,0,0
T6,t6_adv_gated,final_epoch,20260907,1,3,3,0.3333333333333333,"[0.06149194472039621, 0.7923403991979522]",0.3333333333333333,3,3,0.0,1,0.0,0.0,85,0,True,smoke_only,E:\Code\Open_Score\Open-SCORE\outputs\v5_acceptance_final\T6\evaluations\t6_adv_gated\test\final_epoch,35,11.41409995034337,18.11256995424628,recorded_command_events,10.901433338100711,10.953166677306095,10.87919995188713,14.092200109735131,3,True,3,0.0,-0.7679205583193613,0.7679205583193613,0,0
T6,t6_bce,final_epoch,20260907,0,3,3,0.0,"[5.551115123125783e-17, 0.5614970317550454]",0.0,3,3,0.0,1,0.0,0.16281217845974708,83,0,True,smoke_only,E:\Code\Open_Score\Open-SCORE\outputs\v5_acceptance_final\T6\evaluations\t6_bce\test\final_epoch,35,14.283000025898218,42.5460800062865,recorded_command_events,14.903333270922303,11.236200031513969,12.207200052216649,13.769060000777245,3,True,3,-0.3333333333333333,-0.9339810982694496,0.7637364089643179,0,1
