base_candidate_count,blue_count,branch_vector_changed,calibration_bins,extended_candidate_count,family_id,grouping_vs_grand_gain,label_class,method_id,non_tie_pairs,opening_seed,opponent,opponent_seed,paired_advantage_mse,probability_brier,probability_ece,protocol_version,provider_raw_candidates,provider_teacher_vs_rule_verification_gain,provider_unique_candidates,ranking_accuracy,ranking_credit,red_count,round,selected_index,selected_vs_continuation_verification_gain,selected_vs_rule_verification_gain,selection_branches,simulated_physical_steps,source,split,state_id,state_kind,state_set,task_id,teacher_minus_method_verification_gap,teacher_selection_index,verification_branches,verification_rule,verification_selected
9,4,,,14,known-rule-mixed-v5.1:20260907:shared:diagnostic:8v4:0,,non_tie,t3_autoregressive,,,,,,,,,4,0.0,4,,,8,,13,,0.0,2,1427,T3\diagnostics\t3_autoregressive\diagnostic\00000.pt,,known-rule-mixed-v5.1:20260907:shared:diagnostic:8v4:0:event:0,initial,diagnostic,T3,0.0,1,2,0.0,0.0
8,9,,,13,known-rule-mixed-v5.1:20260907:shared:diagnostic:12v9:0,,non_tie,t3_autoregressive,,,,,,,,,4,0.0,4,,,12,,12,,0.0,2,1378,T3\diagnostics\t3_autoregressive\diagnostic\00001.pt,,known-rule-mixed-v5.1:20260907:shared:diagnostic:12v9:0:event:0,initial,diagnostic,T3,0.5,4,2,0.0,0.0
8,16,,,13,known-rule-mixed-v5.1:20260907:shared:diagnostic:16v16:0,,all_zero,t3_autoregressive,,,,,,,,,4,0.0,4,,,16,,12,,0.0,2,1292,T3\diagnostics\t3_autoregressive\diagnostic\00002.pt,,known-rule-mixed-v5.1:20260907:shared:diagnostic:16v16:0:event:0,initial,diagnostic,T3,0.0,1,2,0.0,0.0
9,4,,,14,known-rule-mixed-v5.1:20260907:T3:t3_autoregressive:onpolicy_diagnostic:8v4:0,,non_tie,t3_autoregressive,,,,,,,,,4,0.0,4,,,8,,13,,0.5,2,1436,T3\diagnostics\t3_autoregressive\onpolicy_diagnostic\00000.pt,,known-rule-mixed-v5.1:20260907:T3:t3_autoregressive:onpolicy_diagnostic:8v4:0:event:0,initial,onpolicy_diagnostic,T3,0.5,8,2,0.0,0.5
9,4,,,11,known-rule-mixed-v5.1:20260907:shared:diagnostic:8v4:0,,non_tie,t3_candidate,,,,,,,,,4,0.0,4,,,8,,10,,0.0,2,1119,T3\diagnostics\t3_candidate\diagnostic\00000.pt,,known-rule-mixed-v5.1:20260907:shared:diagnostic:8v4:0:event:0,initial,diagnostic,T3,0.0,1,2,0.0,0.0
8,9,,,9,known-rule-mixed-v5.1:20260907:shared:diagnostic:12v9:0,,non_tie,t3_candidate,,,,,,,,,4,0.0,4,,,12,,1,,0.0,2,968,T3\diagnostics\t3_candidate\diagnostic\00001.pt,,known-rule-mixed-v5.1:20260907:shared:diagnostic:12v9:0:event:0,initial,diagnostic,T3,0.5,4,2,0.0,0.0
8,16,,,10,known-rule-mixed-v5.1:20260907:shared:diagnostic:16v16:0,,all_zero,t3_candidate,,,,,,,,,4,0.0,4,,,16,,9,,0.0,2,977,T3\diagnostics\t3_candidate\diagnostic\00002.pt,,known-rule-mixed-v5.1:20260907:shared:diagnostic:16v16:0:event:0,initial,diagnostic,T3,0.0,1,2,0.0,0.0
9,4,,,9,known-rule-mixed-v5.1:20260907:shared:diagnostic:8v4:0,,non_tie,t4_exit,,,,,,,,,0,,0,,,8,,1,,0.0,2,919,T4\diagnostics\t4_exit\diagnostic\00000.pt,,known-rule-mixed-v5.1:20260907:shared:diagnostic:8v4:0:event:0,initial,diagnostic,T4,0.0,1,2,0.0,0.0
8,9,,,8,known-rule-mixed-v5.1:20260907:shared:diagnostic:12v9:0,,non_tie,t4_exit,,,,,,,,,0,,0,,,12,,1,,0.0,2,856,T4\diagnostics\t4_exit\diagnostic\00001.pt,,known-rule-mixed-v5.1:20260907:shared:diagnostic:12v9:0:event:0,initial,diagnostic,T4,0.5,4,2,0.0,0.0
8,16,,,8,known-rule-mixed-v5.1:20260907:shared:diagnostic:16v16:0,,all_zero,t4_exit,,,,,,,,,0,,0,,,16,,1,,0.0,2,779,T4\diagnostics\t4_exit\diagnostic\00002.pt,,known-rule-mixed-v5.1:20260907:shared:diagnostic:16v16:0:event:0,initial,diagnostic,T4,0.0,1,2,0.0,0.0
9,4,,,9,known-rule-mixed-v5.1:20260907:T4:t4_exit:onpolicy_diagnostic:8v4:0,,non_tie,t4_exit,,,,,,,,,0,,0,,,8,,1,,0.0,2,900,T4\diagnostics\t4_exit\onpolicy_diagnostic\00000.pt,,known-rule-mixed-v5.1:20260907:T4:t4_exit:onpolicy_diagnostic:8v4:0:event:0,initial,onpolicy_diagnostic,T4,-0.5,6,2,1.0,1.0
9,4,,,11,known-rule-mixed-v5.1:20260907:shared:diagnostic:8v4:0,,non_tie,t5_bridge_grouping,,,,,,,,,3,0.5,3,,,8,,10,,0.0,2,1135,T5\diagnostics\t5_bridge_grouping\diagnostic\00000.pt,,known-rule-mixed-v5.1:20260907:shared:diagnostic:8v4:0:event:0,initial,diagnostic,T5,0.5,9,2,0.0,0.0
8,9,,,9,known-rule-mixed-v5.1:20260907:shared:diagnostic:12v9:0,,non_tie,t5_bridge_grouping,,,,,,,,,3,0.0,3,,,12,,2,,1.0,2,957,T5\diagnostics\t5_bridge_grouping\diagnostic\00001.pt,,known-rule-mixed-v5.1:20260907:shared:diagnostic:12v9:0:event:0,initial,diagnostic,T5,-0.5,4,2,0.0,1.0
8,16,,,9,known-rule-mixed-v5.1:20260907:shared:diagnostic:16v16:0,,all_zero,t5_bridge_grouping,,,,,,,,,3,0.0,3,,,16,,2,,0.0,2,878,T5\diagnostics\t5_bridge_grouping\diagnostic\00002.pt,,known-rule-mixed-v5.1:20260907:shared:diagnostic:16v16:0:event:0,initial,diagnostic,T5,0.0,1,2,0.0,0.0
9,4,,,9,known-rule-mixed-v5.1:20260907:T5:t5_bridge_grouping:onpolicy_diagnostic:8v4:0,,non_tie,t5_bridge_grouping,,,,,,,,,3,0.0,2,,,8,,2,,0.0,2,1004,T5\diagnostics\t5_bridge_grouping\onpolicy_diagnostic\00000.pt,,known-rule-mixed-v5.1:20260907:T5:t5_bridge_grouping:onpolicy_diagnostic:8v4:0:event:0,initial,onpolicy_diagnostic,T5,0.0,0,2,0.0,0.0
9,4,,,9,known-rule-mixed-v5.1:20260907:shared:diagnostic:8v4:0,,non_tie,t6_adv,18,,,,0.23403504348280701,,,,0,,0,0.5555555555555556,10.0,8,,1,,0.0,2,919,T6\diagnostics\t6_adv\diagnostic\00000.pt,,known-rule-mixed-v5.1:20260907:shared:diagnostic:8v4:0:event:0,initial,diagnostic,T6,0.0,1,2,0.0,0.0
8,9,,,8,known-rule-mixed-v5.1:20260907:shared:diagnostic:12v9:0,,non_tie,t6_adv,19,,,,0.4294044184272334,,,,0,,0,0.47368421052631576,9.0,12,,1,,0.0,2,856,T6\diagnostics\t6_adv\diagnostic\00001.pt,,known-rule-mixed-v5.1:20260907:shared:diagnostic:12v9:0:event:0,initial,diagnostic,T6,0.5,4,2,0.0,0.0
8,16,,,8,known-rule-mixed-v5.1:20260907:shared:diagnostic:16v16:0,,all_zero,t6_adv,0,,,,0.02178913197770166,,,,0,,0,,0,16,,1,,0.0,2,779,T6\diagnostics\t6_adv\diagnostic\00002.pt,,known-rule-mixed-v5.1:20260907:shared:diagnostic:16v16:0:event:0,initial,diagnostic,T6,0.0,1,2,0.0,0.0
9,4,,,9,known-rule-mixed-v5.1:20260907:T6:t6_adv:onpolicy_diagnostic:8v4:0,,non_tie,t6_adv,18,,,,0.06012396665710256,,,,0,,0,0.16666666666666666,3.0,8,,1,,0.0,2,907,T6\diagnostics\t6_adv\onpolicy_diagnostic\00000.pt,,known-rule-mixed-v5.1:20260907:T6:t6_adv:onpolicy_diagnostic:8v4:0:event:0,initial,onpolicy_diagnostic,T6,-0.5,2,2,0.5,0.5
9,4,,,9,known-rule-mixed-v5.1:20260907:shared:diagnostic:8v4:0,,non_tie,t6_adv_gated,18,,,,0.23403504348280701,,,,0,,0,0.5555555555555556,10.0,8,,1,,0.0,2,919,T6\diagnostics\t6_adv_gated\diagnostic\00000.pt,,known-rule-mixed-v5.1:20260907:shared:diagnostic:8v4:0:event:0,initial,diagnostic,T6,0.0,1,2,0.0,0.0
8,9,,,8,known-rule-mixed-v5.1:20260907:shared:diagnostic:12v9:0,,non_tie,t6_adv_gated,19,,,,0.4294044184272334,,,,0,,0,0.47368421052631576,9.0,12,,1,,0.0,2,856,T6\diagnostics\t6_adv_gated\diagnostic\00001.pt,,known-rule-mixed-v5.1:20260907:shared:diagnostic:12v9:0:event:0,initial,diagnostic,T6,0.5,4,2,0.0,0.0
8,16,,,8,known-rule-mixed-v5.1:20260907:shared:diagnostic:16v16:0,,all_zero,t6_adv_gated,0,,,,0.02178913197770166,,,,0,,0,,0,16,,1,,0.0,2,779,T6\diagnostics\t6_adv_gated\diagnostic\00002.pt,,known-rule-mixed-v5.1:20260907:shared:diagnostic:16v16:0:event:0,initial,diagnostic,T6,0.0,1,2,0.0,0.0
9,4,,"[{""count"": 0, ""prediction_sum"": 0.0, ""outcome_sum"": 0.0}, {""count"": 0, ""prediction_sum"": 0.0, ""outcome_sum"": 0.0}, {""count"": 0, ""prediction_sum"": 0.0, ""outcome_sum"": 0.0}, {""count"": 9, ""prediction_sum"": 3.417448103427887, ""outcome_sum"": 1.5}, {""count"": 0, ""prediction_sum"": 0.0, ""outcome_sum"": 0.0}, {""count"": 0, ""prediction_sum"": 0.0, ""outcome_sum"": 0.0}, {""count"": 0, ""prediction_sum"": 0.0, ""outcome_sum"": 0.0}, {""count"": 0, ""prediction_sum"": 0.0, ""outcome_sum"": 0.0}, {""count"": 0, ""prediction_sum"": 0.0, ""outcome_sum"": 0.0}, {""count"": 0, ""prediction_sum"": 0.0, ""outcome_sum"": 0.0}]",9,known-rule-mixed-v5.1:20260907:shared:diagnostic:8v4:0,,non_tie,t6_bce,18,,,,0.08310693233145254,0.10084370218326082,0.21304978926976523,,0,,0,0.6666666666666666,12.0,8,,0,,0.5,2,919,T6\diagnostics\t6_bce\diagnostic\00000.pt,,known-rule-mixed-v5.1:20260907:shared:diagnostic:8v4:0:event:0,initial,diagnostic,T6,-0.5,1,2,0.0,0.5
8,9,,"[{""count"": 0, ""prediction_sum"": 0.0, ""outcome_sum"": 0.0}, {""count"": 0, ""prediction_sum"": 0.0, ""outcome_sum"": 0.0}, {""count"": 0, ""prediction_sum"": 0.0, ""outcome_sum"": 0.0}, {""count"": 8, ""prediction_sum"": 3.113977551460266, ""outcome_sum"": 3.0}, {""count"": 0, ""prediction_sum"": 0.0, ""outcome_sum"": 0.0}, {""count"": 0, ""prediction_sum"": 0.0, ""outcome_sum"": 0.0}, {""count"": 0, ""prediction_sum"": 0.0, ""outcome_sum"": 0.0}, {""count"": 0, ""prediction_sum"": 0.0, ""outcome_sum"": 0.0}, {""count"": 0, ""prediction_sum"": 0.0, ""outcome_sum"": 0.0}, {""count"": 0, ""prediction_sum"": 0.0, ""outcome_sum"": 0.0}]",8,known-rule-mixed-v5.1:20260907:shared:diagnostic:12v9:0,,non_tie,t6_bce,19,,,,0.2505680757224473,0.10958125608575653,0.014247193932533264,,0,,0,0.631578947368421,12.0,12,,1,,0.0,2,856,T6\diagnostics\t6_bce\diagnostic\00001.pt,,known-rule-mixed-v5.1:20260907:shared:diagnostic:12v9:0:event:0,initial,diagnostic,T6,0.5,4,2,0.0,0.0
8,16,,"[{""count"": 0, ""prediction_sum"": 0.0, ""outcome_sum"": 0.0}, {""count"": 0, ""prediction_sum"": 0.0, ""outcome_sum"": 0.0}, {""count"": 0, ""prediction_sum"": 0.0, ""outcome_sum"": 0.0}, {""count"": 9, ""prediction_sum"": 3.557634472846985, ""outcome_sum"": 0.0}, {""count"": 0, ""prediction_sum"": 0.0, ""outcome_sum"": 0.0}, {""count"": 0, ""prediction_sum"": 0.0, ""outcome_sum"": 0.0}, {""count"": 0, ""prediction_sum"": 0.0, ""outcome_sum"": 0.0}, {""count"": 0, ""prediction_sum"": 0.0, ""outcome_sum"": 0.0}, {""count"": 0, ""prediction_sum"": 0.0, ""outcome_sum"": 0.0}, {""count"": 0, ""prediction_sum"": 0.0, ""outcome_sum"": 0.0}]",9,known-rule-mixed-v5.1:20260907:shared:diagnostic:16v16:0,,all_zero,t6_bce,0,,,,2.9433614725762584e-07,0.15625650678319383,0.3952927192052205,,0,,0,,0,16,,8,,0.0,2,881,T6\diagnostics\t6_bce\diagnostic\00002.pt,,known-rule-mixed-v5.1:20260907:shared:diagnostic:16v16:0:event:0,initial,diagnostic,T6,0.0,1,2,0.0,0.0
,4,,,,known-rule-mixed-v5.1:20260907:T1_rollout:onpolicy_diagnostic:8v4:0,,,T1_rollout,,1194920481,reactive,1192281981,,,,known-rule-mixed-v5.1,,,,,,8,,,,-1.0,,350,,onpolicy_diagnostic,known-rule-mixed-v5.1:20260907:T1_rollout:onpolicy_diagnostic:8v4:0:event:0,,onpolicy_diagnostic,T1,,,,,
,4,,,,known-rule-mixed-v5.1:20260907:T2_mcts_dpw:onpolicy_diagnostic:8v4:0,,,T2_mcts_dpw,,335658316,reactive,1531052619,,,,known-rule-mixed-v5.1,,,,,,8,,,,0.0,,153,,onpolicy_diagnostic,known-rule-mixed-v5.1:20260907:T2_mcts_dpw:onpolicy_diagnostic:8v4:0:event:0,,onpolicy_diagnostic,T2,,,,,
,4,,,,known-rule-mixed-v5.1:20260907:shared:diagnostic:8v4:0,,non_tie,grand,,1025949213,reactive,131985544,,,,known-rule-mixed-v5.1,,,,,,8,,,,0.0,,,,diagnostic,known-rule-mixed-v5.1:20260907:shared:diagnostic:8v4:0:event:0,,diagnostic,T1,,,,,
,4,,,,known-rule-mixed-v5.1:20260907:shared:diagnostic:8v4:0,,non_tie,singletons,,1025949213,reactive,131985544,,,,known-rule-mixed-v5.1,,,,,,8,,,,0.0,,,,diagnostic,known-rule-mixed-v5.1:20260907:shared:diagnostic:8v4:0:event:0,,diagnostic,T1,,,,,
,4,,,,known-rule-mixed-v5.1:20260907:shared:diagnostic:8v4:0,,non_tie,pairs,,1025949213,reactive,131985544,,,,known-rule-mixed-v5.1,,,,,,8,,,,0.5,,,,diagnostic,known-rule-mixed-v5.1:20260907:shared:diagnostic:8v4:0:event:0,,diagnostic,T1,,,,,
,4,,,,known-rule-mixed-v5.1:20260907:shared:diagnostic:8v4:0,,non_tie,rule,,1025949213,reactive,131985544,,,,known-rule-mixed-v5.1,,,,,,8,,,,0.0,,,,diagnostic,known-rule-mixed-v5.1:20260907:shared:diagnostic:8v4:0:event:0,,diagnostic,T1,,,,,
,4,,,,known-rule-mixed-v5.1:20260907:shared:diagnostic:8v4:0,,non_tie,selection_teacher,,1025949213,reactive,131985544,,,,known-rule-mixed-v5.1,,,,,,8,,,,0.0,,,,diagnostic,known-rule-mixed-v5.1:20260907:shared:diagnostic:8v4:0:event:0,,diagnostic,T1,,,,,
,4,,,,known-rule-mixed-v5.1:20260907:shared:diagnostic:8v4:0,,non_tie,rollout_budget_1,,1025949213,reactive,131985544,,,,known-rule-mixed-v5.1,,,,,,8,,,,0.0,,,,diagnostic,known-rule-mixed-v5.1:20260907:shared:diagnostic:8v4:0:event:0,,diagnostic,T1,,,,,
,4,,,,known-rule-mixed-v5.1:20260907:shared:diagnostic:8v4:0,,non_tie,rollout_budget_2,,1025949213,reactive,131985544,,,,known-rule-mixed-v5.1,,,,,,8,,,,0.0,,,,diagnostic,known-rule-mixed-v5.1:20260907:shared:diagnostic:8v4:0:event:0,,diagnostic,T1,,,,,
,4,,,,known-rule-mixed-v5.1:20260907:shared:diagnostic:8v4:0,,non_tie,rollout,,1025949213,reactive,131985544,,,,known-rule-mixed-v5.1,,,,,,8,,,,0.0,,,,diagnostic,known-rule-mixed-v5.1:20260907:shared:diagnostic:8v4:0:event:0,,diagnostic,T1,,,,,
,4,,,,known-rule-mixed-v5.1:20260907:shared:diagnostic:8v4:0,,non_tie,frozen_b3,,1025949213,reactive,131985544,,,,known-rule-mixed-v5.1,,,,,,8,,,,0.0,,,,diagnostic,known-rule-mixed-v5.1:20260907:shared:diagnostic:8v4:0:event:0,,diagnostic,T1,,,,,
,4,False,,,known-rule-mixed-v5.1:20260907:shared:diagnostic:8v4:0,0.0,,singletons,,1025949213,reactive,131985544,,,,known-rule-mixed-v5.1,,,,,,8,,,,,,,,diagnostic,known-rule-mixed-v5.1:20260907:shared:diagnostic:8v4:0:event:0,,same_assignment_grouping,T1,,,,,
,4,True,,,known-rule-mixed-v5.1:20260907:shared:diagnostic:8v4:0,0.5,,pairs,,1025949213,reactive,131985544,,,,known-rule-mixed-v5.1,,,,,,8,,,,,,,,diagnostic,known-rule-mixed-v5.1:20260907:shared:diagnostic:8v4:0:event:0,,same_assignment_grouping,T1,,,,,
,4,False,,,known-rule-mixed-v5.1:20260907:shared:diagnostic:8v4:0,0.0,,rule,,1025949213,reactive,131985544,,,,known-rule-mixed-v5.1,,,,,,8,,,,,,,,diagnostic,known-rule-mixed-v5.1:20260907:shared:diagnostic:8v4:0:event:0,,same_assignment_grouping,T1,,,,,
,9,,,,known-rule-mixed-v5.1:20260907:shared:diagnostic:12v9:0,,all_zero,grand,,277872624,reactive,835611575,,,,known-rule-mixed-v5.1,,,,,,12,,,,0.0,,,,diagnostic,known-rule-mixed-v5.1:20260907:shared:diagnostic:12v9:0:event:0,,diagnostic,T1,,,,,
,9,,,,known-rule-mixed-v5.1:20260907:shared:diagnostic:12v9:0,,all_zero,singletons,,277872624,reactive,835611575,,,,known-rule-mixed-v5.1,,,,,,12,,,,0.0,,,,diagnostic,known-rule-mixed-v5.1:20260907:shared:diagnostic:12v9:0:event:0,,diagnostic,T1,,,,,
,9,,,,known-rule-mixed-v5.1:20260907:shared:diagnostic:12v9:0,,all_zero,pairs,,277872624,reactive,835611575,,,,known-rule-mixed-v5.1,,,,,,12,,,,0.0,,,,diagnostic,known-rule-mixed-v5.1:20260907:shared:diagnostic:12v9:0:event:0,,diagnostic,T1,,,,,
,9,,,,known-rule-mixed-v5.1:20260907:shared:diagnostic:12v9:0,,all_zero,rule,,277872624,reactive,835611575,,,,known-rule-mixed-v5.1,,,,,,12,,,,0.0,,,,diagnostic,known-rule-mixed-v5.1:20260907:shared:diagnostic:12v9:0:event:0,,diagnostic,T1,,,,,
,9,,,,known-rule-mixed-v5.1:20260907:shared:diagnostic:12v9:0,,all_zero,selection_teacher,,277872624,reactive,835611575,,,,known-rule-mixed-v5.1,,,,,,12,,,,0.0,,,,diagnostic,known-rule-mixed-v5.1:20260907:shared:diagnostic:12v9:0:event:0,,diagnostic,T1,,,,,
,9,,,,known-rule-mixed-v5.1:20260907:shared:diagnostic:12v9:0,,all_zero,rollout_budget_1,,277872624,reactive,835611575,,,,known-rule-mixed-v5.1,,,,,,12,,,,0.0,,,,diagnostic,known-rule-mixed-v5.1:20260907:shared:diagnostic:12v9:0:event:0,,diagnostic,T1,,,,,
,9,,,,known-rule-mixed-v5.1:20260907:shared:diagnostic:12v9:0,,all_zero,rollout_budget_2,,277872624,reactive,835611575,,,,known-rule-mixed-v5.1,,,,,,12,,,,0.0,,,,diagnostic,known-rule-mixed-v5.1:20260907:shared:diagnostic:12v9:0:event:0,,diagnostic,T1,,,,,
,9,,,,known-rule-mixed-v5.1:20260907:shared:diagnostic:12v9:0,,all_zero,rollout,,277872624,reactive,835611575,,,,known-rule-mixed-v5.1,,,,,,12,,,,0.0,,,,diagnostic,known-rule-mixed-v5.1:20260907:shared:diagnostic:12v9:0:event:0,,diagnostic,T1,,,,,
,9,,,,known-rule-mixed-v5.1:20260907:shared:diagnostic:12v9:0,,all_zero,frozen_b3,,277872624,reactive,835611575,,,,known-rule-mixed-v5.1,,,,,,12,,,,0.0,,,,diagnostic,known-rule-mixed-v5.1:20260907:shared:diagnostic:12v9:0:event:0,,diagnostic,T1,,,,,
,9,False,,,known-rule-mixed-v5.1:20260907:shared:diagnostic:12v9:0,0.0,,singletons,,277872624,reactive,835611575,,,,known-rule-mixed-v5.1,,,,,,12,,,,,,,,diagnostic,known-rule-mixed-v5.1:20260907:shared:diagnostic:12v9:0:event:0,,same_assignment_grouping,T1,,,,,
,9,False,,,known-rule-mixed-v5.1:20260907:shared:diagnostic:12v9:0,0.0,,pairs,,277872624,reactive,835611575,,,,known-rule-mixed-v5.1,,,,,,12,,,,,,,,diagnostic,known-rule-mixed-v5.1:20260907:shared:diagnostic:12v9:0:event:0,,same_assignment_grouping,T1,,,,,
,9,False,,,known-rule-mixed-v5.1:20260907:shared:diagnostic:12v9:0,0.0,,rule,,277872624,reactive,835611575,,,,known-rule-mixed-v5.1,,,,,,12,,,,,,,,diagnostic,known-rule-mixed-v5.1:20260907:shared:diagnostic:12v9:0:event:0,,same_assignment_grouping,T1,,,,,
,16,,,,known-rule-mixed-v5.1:20260907:shared:diagnostic:16v16:0,,all_zero,grand,,1893660500,reactive,882547658,,,,known-rule-mixed-v5.1,,,,,,16,,,,0.0,,,,diagnostic,known-rule-mixed-v5.1:20260907:shared:diagnostic:16v16:0:event:0,,diagnostic,T1,,,,,
,16,,,,known-rule-mixed-v5.1:20260907:shared:diagnostic:16v16:0,,all_zero,singletons,,1893660500,reactive,882547658,,,,known-rule-mixed-v5.1,,,,,,16,,,,0.0,,,,diagnostic,known-rule-mixed-v5.1:20260907:shared:diagnostic:16v16:0:event:0,,diagnostic,T1,,,,,
,16,,,,known-rule-mixed-v5.1:20260907:shared:diagnostic:16v16:0,,all_zero,pairs,,1893660500,reactive,882547658,,,,known-rule-mixed-v5.1,,,,,,16,,,,0.0,,,,diagnostic,known-rule-mixed-v5.1:20260907:shared:diagnostic:16v16:0:event:0,,diagnostic,T1,,,,,
,16,,,,known-rule-mixed-v5.1:20260907:shared:diagnostic:16v16:0,,all_zero,rule,,1893660500,reactive,882547658,,,,known-rule-mixed-v5.1,,,,,,16,,,,0.0,,,,diagnostic,known-rule-mixed-v5.1:20260907:shared:diagnostic:16v16:0:event:0,,diagnostic,T1,,,,,
,16,,,,known-rule-mixed-v5.1:20260907:shared:diagnostic:16v16:0,,all_zero,selection_teacher,,1893660500,reactive,882547658,,,,known-rule-mixed-v5.1,,,,,,16,,,,0.0,,,,diagnostic,known-rule-mixed-v5.1:20260907:shared:diagnostic:16v16:0:event:0,,diagnostic,T1,,,,,
,16,,,,known-rule-mixed-v5.1:20260907:shared:diagnostic:16v16:0,,all_zero,rollout_budget_1,,1893660500,reactive,882547658,,,,known-rule-mixed-v5.1,,,,,,16,,,,0.0,,,,diagnostic,known-rule-mixed-v5.1:20260907:shared:diagnostic:16v16:0:event:0,,diagnostic,T1,,,,,
,16,,,,known-rule-mixed-v5.1:20260907:shared:diagnostic:16v16:0,,all_zero,rollout_budget_2,,1893660500,reactive,882547658,,,,known-rule-mixed-v5.1,,,,,,16,,,,0.0,,,,diagnostic,known-rule-mixed-v5.1:20260907:shared:diagnostic:16v16:0:event:0,,diagnostic,T1,,,,,
,16,,,,known-rule-mixed-v5.1:20260907:shared:diagnostic:16v16:0,,all_zero,rollout,,1893660500,reactive,882547658,,,,known-rule-mixed-v5.1,,,,,,16,,,,0.0,,,,diagnostic,known-rule-mixed-v5.1:20260907:shared:diagnostic:16v16:0:event:0,,diagnostic,T1,,,,,
,16,,,,known-rule-mixed-v5.1:20260907:shared:diagnostic:16v16:0,,all_zero,frozen_b3,,1893660500,reactive,882547658,,,,known-rule-mixed-v5.1,,,,,,16,,,,0.0,,,,diagnostic,known-rule-mixed-v5.1:20260907:shared:diagnostic:16v16:0:event:0,,diagnostic,T1,,,,,
,16,False,,,known-rule-mixed-v5.1:20260907:shared:diagnostic:16v16:0,0.0,,singletons,,1893660500,reactive,882547658,,,,known-rule-mixed-v5.1,,,,,,16,,,,,,,,diagnostic,known-rule-mixed-v5.1:20260907:shared:diagnostic:16v16:0:event:0,,same_assignment_grouping,T1,,,,,
,16,False,,,known-rule-mixed-v5.1:20260907:shared:diagnostic:16v16:0,0.0,,pairs,,1893660500,reactive,882547658,,,,known-rule-mixed-v5.1,,,,,,16,,,,,,,,diagnostic,known-rule-mixed-v5.1:20260907:shared:diagnostic:16v16:0:event:0,,same_assignment_grouping,T1,,,,,
,16,False,,,known-rule-mixed-v5.1:20260907:shared:diagnostic:16v16:0,0.0,,rule,,1893660500,reactive,882547658,,,,known-rule-mixed-v5.1,,,,,,16,,,,,,,,diagnostic,known-rule-mixed-v5.1:20260907:shared:diagnostic:16v16:0:event:0,,same_assignment_grouping,T1,,,,,
,,,,,known-rule-mixed-v5.1:20260907:T4_round_0_rule_grouping_v1:train:8v4:0,,,t4_teacher,,,,,,,,,,,,,,,1,,0.0,,,76,,,known-rule-mixed-v5.1:20260907:T4_round_0_rule_grouping_v1:train:8v4:0:event:0,,teacher_verification,T4,,,,,
,,,,,known-rule-mixed-v5.1:20260907:T4_round_1_exit_round_1:8e6b5a55844213ea192c4790ab003b58027a50eedf298f0d13666afea2fd8c13:train:8v4:0,,,t4_teacher,,,,,,,,,,,,,,,2,,1.0,,,114,,,known-rule-mixed-v5.1:20260907:T4_round_1_exit_round_1:8e6b5a55844213ea192c4790ab003b58027a50eedf298f0d13666afea2fd8c13:train:8v4:0:event:0,,teacher_verification,T4,,,,,
