branches,candidate_rows,checkpoint,checkpoints,command_events,construction_episodes,episodes,epochs,excludes_separately_logged_collection,internal_transitions,method_id,optimizer_steps,phase,profiled_by,real_environment_steps,real_physical_steps,round,run_id,schema_version,simulation_physical_steps,split,states,task_id,timestamp_utc,training_seed,wall_s,wall_seconds
,,latest,,,,3,,,,T1_rollout,,evaluation,context,,,,v5_acceptance_final,v5.1,,test,,T1,2026-09-06T12:31:20.506048+00:00,20260907,28.20299999997951,
,,,,35,,3,,True,,,,T1_online_test,,84,,,v5_acceptance_final,v5.1,4007,,0,T1,2026-09-06T12:31:20.511553+00:00,20260907,,28.199906199937686
,,frozen,,,,3,,,,rule,,evaluation,context,,,,v5_acceptance_final,v5.1,,test,,T1,2026-09-06T12:31:21.211936+00:00,20260907,0.6880000000819564,
,,,,35,,3,,True,,,,baseline_rule,,85,,,v5_acceptance_final,v5.1,0,,0,T1,2026-09-06T12:31:21.215937+00:00,20260907,,0.6987322999630123
,,frozen,,,,3,,,,grand,,evaluation,context,,,,v5_acceptance_final,v5.1,,test,,T1,2026-09-06T12:31:21.860039+00:00,20260907,0.6410000000614673,
,,,,31,,3,,True,,,,baseline_grand,,63,,,v5_acceptance_final,v5.1,0,,0,T1,2026-09-06T12:31:21.866038+00:00,20260907,,0.6433714001905173
,,frozen,,,,3,,,,singleton,,evaluation,context,,,,v5_acceptance_final,v5.1,,test,,T1,2026-09-06T12:31:22.485503+00:00,20260907,0.625,
,,,,31,,3,,True,,,,baseline_singleton,,86,,,v5_acceptance_final,v5.1,0,,0,T1,2026-09-06T12:31:22.495503+00:00,20260907,,0.6185283998493105
,,frozen,,,,3,,,,frozen_b1,,evaluation,context,,,,v5_acceptance_final,v5.1,,test,,T1,2026-09-06T12:31:23.848486+00:00,20260907,1.3589999999385327,
,,,,31,,3,,True,,,,baseline_frozen_b1,,65,,,v5_acceptance_final,v5.1,0,,0,T1,2026-09-06T12:31:23.855168+00:00,20260907,,1.3533565001562238
,,frozen,,,,3,,,,frozen_b3,,evaluation,context,,,,v5_acceptance_final,v5.1,,test,,T1,2026-09-06T12:31:25.949135+00:00,20260907,2.077999999979511,
,,,,27,,3,,True,,,,baseline_frozen_b3,,78,,,v5_acceptance_final,v5.1,0,,0,T1,2026-09-06T12:31:25.955942+00:00,20260907,,2.093099100049585
,,,,,,,,,,,,common_state_collection,,78,,,v5_acceptance_final,v5.1,0,,3,T1,2026-09-06T12:31:25.959942+00:00,20260907,,0.004475699970498681
,,,,,,0,,True,,,,common_diagnostics,,0,,,v5_acceptance_final,v5.1,2356,,3,T1,2026-09-06T12:31:44.430282+00:00,20260907,,18.46965180011466
,,latest,,,,3,,,,T1_once_then_rule,,evaluation,context,,,,v5_acceptance_final,v5.1,,control_diagnostic,,T1,2026-09-06T12:31:49.118277+00:00,20260907,4.687999999849126,
,,,,26,,3,,True,,,,T1_once_then_rule,,60,,,v5_acceptance_final,v5.1,585,,0,T1,2026-09-06T12:31:49.124028+00:00,20260907,,4.687696599867195
,,latest,,,,3,,,,T1_continuous,,evaluation,context,,,,v5_acceptance_final,v5.1,,control_diagnostic,,T1,2026-09-06T12:32:07.455562+00:00,20260907,18.328999999910593,
,,,,26,,3,,True,,,,T1_continuous,,60,,,v5_acceptance_final,v5.1,3073,,0,T1,2026-09-06T12:32:07.460562+00:00,20260907,,18.330690199974924
,,latest,,,,3,,,,B3_continuous,,evaluation,context,,,,v5_acceptance_final,v5.1,,control_diagnostic,,T1,2026-09-06T12:32:08.650296+00:00,20260907,1.1869999999180436,
,,,,18,,3,,True,,,,B3_continuous,,66,,,v5_acceptance_final,v5.1,0,,0,T1,2026-09-06T12:32:08.658299+00:00,20260907,,1.1886038000229746
,,,,,,,,,,,,own_state_collection,,15,,,v5_acceptance_final,v5.1,437,,1,T1,2026-09-06T12:32:09.949000+00:00,20260907,,1.2898874999955297
,,,,,,0,,True,,,,own_diagnostics,,0,,,v5_acceptance_final,v5.1,350,,1,T1,2026-09-06T12:32:10.905710+00:00,20260907,,0.9566134000197053
,,latest,,,,3,,,,T2_mcts_dpw,,evaluation,context,,,,v5_acceptance_final,v5.1,,test,,T2,2026-09-06T12:31:08.208349+00:00,20260907,15.906999999890104,
,,,,29,,3,,True,,,,T2_online_test,,65,,,v5_acceptance_final,v5.1,1736,,0,T2,2026-09-06T12:31:08.213349+00:00,20260907,,15.902620300184935
,,,,,,,,,,,,common_state_collection,,78,,,v5_acceptance_final,v5.1,0,,3,T2,2026-09-06T12:31:08.216862+00:00,20260907,,0.003047199919819832
,,,,,,0,,True,,,,budget_diagnostics,,0,,,v5_acceptance_final,v5.1,2806,,3,T2,2026-09-06T12:31:35.255435+00:00,20260907,,27.038959400029853
,,,,,,,,,,,,own_state_collection,,23,,,v5_acceptance_final,v5.1,539,,1,T2,2026-09-06T12:31:37.147851+00:00,20260907,,1.8928686000872403
,,,,,,0,,True,,,,own_diagnostics,,0,,,v5_acceptance_final,v5.1,153,,1,T2,2026-09-06T12:31:37.861522+00:00,20260907,,0.7133066998794675
,,,,,,,,,,t3_candidate,0,bc_prepare,,,0,,v5_acceptance_final,v5.1,0,,26,T3,2026-09-06T12:30:53.358019+00:00,20260907,0.2029999999795109,
,,,,,,,,,,t3_candidate,2,rule_bc,,,0,,v5_acceptance_final,v5.1,0,,26,T3,2026-09-06T12:30:54.834616+00:00,20260907,1.4690000000409782,
,,step_0,,,,3,,,,t3_candidate,,evaluation,context,,,,v5_acceptance_final,v5.1,,validation,,T3,2026-09-06T12:30:55.867811+00:00,20260907,0.9690000000409782,
,,,,,,3,,,,t3_candidate,0,ppo_sample,,,69,,v5_acceptance_final,v5.1,0,,32,T3,2026-09-06T12:30:56.718474+00:00,20260907,0.7959999998565763,
,,,,,,,,,,t3_candidate,4,ppo_update,,,0,,v5_acceptance_final,v5.1,0,,32,T3,2026-09-06T12:30:57.075732+00:00,20260907,0.3600000001024455,
,,,,,,3,,,,t3_candidate,0,ppo_sample,,,64,,v5_acceptance_final,v5.1,0,,27,T3,2026-09-06T12:30:57.920209+00:00,20260907,0.813000000314787,
,,,,,,,,,,t3_candidate,4,ppo_update,,,0,,v5_acceptance_final,v5.1,0,,27,T3,2026-09-06T12:30:58.136769+00:00,20260907,0.2029999999795109,
,,step_133,,,,3,,,,t3_candidate,,evaluation,context,,,,v5_acceptance_final,v5.1,,validation,,T3,2026-09-06T12:30:59.230020+00:00,20260907,1.0619999999180436,
,,latest,,,,3,,,,t3_candidate,,evaluation,context,,,,v5_acceptance_final,v5.1,,test,,T3,2026-09-06T12:31:00.160769+00:00,20260907,0.8910000000614673,
,,,,,,,,,,t3_autoregressive,0,bc_prepare,,,0,,v5_acceptance_final,v5.1,0,,26,T3,2026-09-06T12:31:28.249328+00:00,20260907,0.10900000017136335,
,,,,,,,,,,t3_autoregressive,2,rule_bc,,,0,,v5_acceptance_final,v5.1,0,,26,T3,2026-09-06T12:31:28.508834+00:00,20260907,0.25,
,,step_0,,,,3,,,,t3_autoregressive,,evaluation,context,,,,v5_acceptance_final,v5.1,,validation,,T3,2026-09-06T12:31:29.421509+00:00,20260907,0.875,
,,,,,,3,,,,t3_autoregressive,0,ppo_sample,,,95,,v5_acceptance_final,v5.1,0,,32,T3,2026-09-06T12:31:30.423152+00:00,20260907,0.9680000003427267,
,,,,,,,,,,t3_autoregressive,4,ppo_update,,,0,,v5_acceptance_final,v5.1,0,,32,T3,2026-09-06T12:31:30.741746+00:00,20260907,0.31299999984912574,
,,,,,,2,,,,t3_autoregressive,0,ppo_sample,,,48,,v5_acceptance_final,v5.1,0,,16,T3,2026-09-06T12:31:31.215108+00:00,20260907,0.4380000000819564,
,,,,,,,,,,t3_autoregressive,2,ppo_update,,,0,,v5_acceptance_final,v5.1,0,,16,T3,2026-09-06T12:31:31.414330+00:00,20260907,0.1880000000819564,
,,step_143,,,,3,,,,t3_autoregressive,,evaluation,context,,,,v5_acceptance_final,v5.1,,validation,,T3,2026-09-06T12:31:32.438557+00:00,20260907,1.0,
,,latest,,,,3,,,,t3_autoregressive,,evaluation,context,,,,v5_acceptance_final,v5.1,,test,,T3,2026-09-06T12:31:33.367142+00:00,20260907,0.8599999998696148,
,,,,,,,,,,t4_exit,13,rule_bc,,,0,,v5_acceptance_final,v5.1,0,,26,T4,2026-09-06T12:30:54.172627+00:00,20260907,0.8280000002123415,
8,,,,,,,,,,t4_exit,0,teacher_label,,,0,1,v5_acceptance_final,v5.1,194,,1,T4,2026-09-06T12:30:55.604572+00:00,20260907,0.7969999997876585,
8,,,,,,,,,,t4_exit,0,teacher_label,,,0,1,v5_acceptance_final,v5.1,192,,1,T4,2026-09-06T12:30:57.204690+00:00,20260907,1.5940000000409782,
8,,,,,,,,,,t4_exit,0,teacher_label,,,0,1,v5_acceptance_final,v5.1,178,,1,T4,2026-09-06T12:30:59.667775+00:00,20260907,2.4380000000819564,
8,,,,,,,,,,t4_exit,0,teacher_label,,,0,1,v5_acceptance_final,v5.1,104,,1,T4,2026-09-06T12:30:59.977727+00:00,20260907,0.29699999978765845,
,,,,,,,,,,t4_exit,4,distill,,,0,,v5_acceptance_final,v5.1,0,,8,T4,2026-09-06T12:31:00.102954+00:00,20260907,0.10899999993853271,
,,round_1,,,,3,,,,t4_exit,,evaluation,context,,,,v5_acceptance_final,v5.1,,validation,,T4,2026-09-06T12:31:01.168582+00:00,20260907,1.0310000001918525,
,,round_1,,,,3,,,,t4_teacher_round_1,,evaluation,context,,,,v5_acceptance_final,v5.1,,validation,,T4,2026-09-06T12:31:27.208351+00:00,20260907,26.031999999890104,
,,round_1,,,,3,,,,t4_student_subset_round_1,,evaluation,context,,,,v5_acceptance_final,v5.1,,validation,,T4,2026-09-06T12:31:28.250328+00:00,20260907,1.046000000089407,
4,,,,,,,,,,t4_exit,0,teacher_verification,,,0,,v5_acceptance_final,v5.1,76,,1,T4,2026-09-06T12:31:28.567132+00:00,20260907,0.31299999984912574,
8,,,,,,,,,,t4_exit,0,teacher_label,,,0,2,v5_acceptance_final,v5.1,237,,1,T4,2026-09-06T12:31:30.806908+00:00,20260907,1.1400000001303852,
8,,,,,,,,,,t4_exit,0,teacher_label,,,0,2,v5_acceptance_final,v5.1,179,,1,T4,2026-09-06T12:31:32.661027+00:00,20260907,1.827999999979511,
8,,,,,,,,,,t4_exit,0,teacher_label,,,0,2,v5_acceptance_final,v5.1,185,,1,T4,2026-09-06T12:31:35.543043+00:00,20260907,2.859999999869615,
8,,,,,,,,,,t4_exit,0,teacher_label,,,0,2,v5_acceptance_final,v5.1,160,,1,T4,2026-09-06T12:31:36.253707+00:00,20260907,0.7029999999795109,
,,,,,,,,,,t4_exit,4,distill,,,0,,v5_acceptance_final,v5.1,0,,8,T4,2026-09-06T12:31:36.434560+00:00,20260907,0.1559999999590218,
,,round_2,,,,3,,,,t4_exit,,evaluation,context,,,,v5_acceptance_final,v5.1,,validation,,T4,2026-09-06T12:31:37.564132+00:00,20260907,1.0940000000409782,
,,round_2,,,,3,,,,t4_teacher_round_2,,evaluation,context,,,,v5_acceptance_final,v5.1,,validation,,T4,2026-09-06T12:32:02.530532+00:00,20260907,24.969000000040978,
,,round_2,,,,3,,,,t4_student_subset_round_2,,evaluation,context,,,,v5_acceptance_final,v5.1,,validation,,T4,2026-09-06T12:32:03.220059+00:00,20260907,0.6869999999180436,
4,,,,,,,,,,t4_exit,0,teacher_verification,,,0,,v5_acceptance_final,v5.1,114,,1,T4,2026-09-06T12:32:03.599773+00:00,20260907,0.375,
,,latest,,,,3,,,,t4_exit,,evaluation,context,,,,v5_acceptance_final,v5.1,,test,,T4,2026-09-06T12:32:04.263279+00:00,20260907,0.6409999998286366,
,,,,,,,,,,,,state_collection,,,,,v5_acceptance_final,v5.1,104,,4,T5,2026-09-06T12:30:52.959798+00:00,20260907,0.6569999998901039,
,6,,,,,,,,,,,potential_simulation,,,,,v5_acceptance_final,v5.1,361,,4,T5,2026-09-06T12:30:55.666005+00:00,20260907,1.297000000020489,
,,,,,1,,,,6,,3,optimization,,,,,v5_acceptance_final,v5.1,,,,T5,2026-09-06T12:30:55.667005+00:00,20260907,0.48499999986961484,
,14,,,,,,,,,,,potential_simulation,,,,,v5_acceptance_final,v5.1,806,,4,T5,2026-09-06T12:30:59.619823+00:00,20260907,4.781999999890104,
,,,,,2,,,,14,,11,optimization,,,,,v5_acceptance_final,v5.1,,,,T5,2026-09-06T12:30:59.620823+00:00,20260907,0.9379999998491257,
,25,,,,,,,,,,,potential_simulation,,,,,v5_acceptance_final,v5.1,1377,,4,T5,2026-09-06T12:31:08.779917+00:00,20260907,13.407999999821186,
,,,,,3,,,,25,,22,optimization,,,,,v5_acceptance_final,v5.1,,,,T5,2026-09-06T12:31:08.779917+00:00,20260907,1.3899999996647239,
,,construction_3,,,,3,,,,t5_bridge_grouping,,evaluation,context,,,,v5_acceptance_final,v5.1,,validation,,T5,2026-09-06T12:31:09.656781+00:00,20260907,0.8440000000409782,
,,,1,,,3,,,,,,validation,,,,,v5_acceptance_final,v5.1,,,,T5,2026-09-06T12:31:09.666020+00:00,20260907,0.8599999998696148,
,26,,,,,,,,,,,potential_simulation,,,,,v5_acceptance_final,v5.1,1405,,4,T5,2026-09-06T12:31:09.793454+00:00,20260907,13.516999999759719,
,,,,,4,,,,26,,23,optimization,,,,,v5_acceptance_final,v5.1,,,,T5,2026-09-06T12:31:09.794620+00:00,20260907,1.4059999997261912,
,32,,,,,,,,,,,potential_simulation,,,,,v5_acceptance_final,v5.1,1721,,4,T5,2026-09-06T12:31:11.127841+00:00,20260907,14.751999999629334,
,,,,,5,,,,32,,29,optimization,,,,,v5_acceptance_final,v5.1,,,,T5,2026-09-06T12:31:11.128842+00:00,20260907,1.4689999998081475,
,42,,,,,,,,,,,potential_simulation,,,,,v5_acceptance_final,v5.1,2187,,4,T5,2026-09-06T12:31:15.229195+00:00,20260907,18.64199999999255,
,,,,,6,,,,42,,39,optimization,,,,,v5_acceptance_final,v5.1,,,,T5,2026-09-06T12:31:15.230199+00:00,20260907,1.5949999992735684,
,,construction_6,,,,3,,,,t5_bridge_grouping,,evaluation,context,,,,v5_acceptance_final,v5.1,,validation,,T5,2026-09-06T12:31:15.987437+00:00,20260907,0.7349999998696148,
,,,2,,,6,,,,,,validation,,,,,v5_acceptance_final,v5.1,,,,T5,2026-09-06T12:31:15.996020+00:00,20260907,1.6099999998696148,
,51,,,,,,,,,,,potential_simulation,,,,,v5_acceptance_final,v5.1,2614,,4,T5,2026-09-06T12:31:22.584218+00:00,20260907,25.04799999971874,
,,,,,7,,,,52,,49,optimization,,,,,v5_acceptance_final,v5.1,,,,T5,2026-09-06T12:31:22.585219+00:00,20260907,1.7039999994449317,
,55,,,,,,,,,,,potential_simulation,,,,,v5_acceptance_final,v5.1,2711,,4,T5,2026-09-06T12:31:22.939776+00:00,20260907,25.32899999944493,
,,,,,8,,,,56,,53,optimization,,,,,v5_acceptance_final,v5.1,,,,T5,2026-09-06T12:31:22.940776+00:00,20260907,1.7659999998286366,
,58,,,,,,,,,,,potential_simulation,,,,,v5_acceptance_final,v5.1,2885,,4,T5,2026-09-06T12:31:23.529358+00:00,20260907,25.8449999995064,
,,,,,9,,,,60,,57,optimization,,,,,v5_acceptance_final,v5.1,,,,T5,2026-09-06T12:31:23.530357+00:00,20260907,1.8119999999180436,
,,construction_9,,,,3,,,,t5_bridge_grouping,,evaluation,context,,,,v5_acceptance_final,v5.1,,validation,,T5,2026-09-06T12:31:24.396642+00:00,20260907,0.8439999998081475,
,,,3,,,9,,,,,,validation,,,,,v5_acceptance_final,v5.1,,,,T5,2026-09-06T12:31:24.407267+00:00,20260907,2.4539999996777624,
,67,,,,,,,,,,,potential_simulation,,,,,v5_acceptance_final,v5.1,3313,,4,T5,2026-09-06T12:31:28.135676+00:00,20260907,29.389999999664724,
,,,,,10,,,,70,,67,optimization,,,,,v5_acceptance_final,v5.1,,,,T5,2026-09-06T12:31:28.136675+00:00,20260907,1.9690000000409782,
,75,,,,,,,,,,,potential_simulation,,,,,v5_acceptance_final,v5.1,3737,,4,T5,2026-09-06T12:31:34.239383+00:00,20260907,35.32799999904819,
,,,,,11,,,,79,,76,optimization,,,,,v5_acceptance_final,v5.1,,,,T5,2026-09-06T12:31:34.239383+00:00,20260907,2.063000000314787,
,75,,,,,,,,,,,potential_simulation,,,,,v5_acceptance_final,v5.1,3737,,4,T5,2026-09-06T12:31:34.272851+00:00,20260907,35.32799999904819,
,,,,,12,,,,81,,78,optimization,,,,,v5_acceptance_final,v5.1,,,,T5,2026-09-06T12:31:34.273852+00:00,20260907,2.094000000273809,
,,construction_12,,,,3,,,,t5_bridge_grouping,,evaluation,context,,,,v5_acceptance_final,v5.1,,validation,,T5,2026-09-06T12:31:34.991369+00:00,20260907,0.6879999998491257,
,,,4,,,12,,,,,,validation,,,,,v5_acceptance_final,v5.1,,,,T5,2026-09-06T12:31:35.001368+00:00,20260907,3.1569999996572733,
,,,,,12,,,,,,,construction_overhead,,,,,v5_acceptance_final,v5.1,,,,T5,2026-09-06T12:31:35.001368+00:00,20260907,0.5460000010207295,
,,final_construction,,,,3,,,,t5_bridge_grouping,,evaluation,context,,,,v5_acceptance_final,v5.1,,test,,T5,2026-09-06T12:31:35.631974+00:00,20260907,0.625,
,,,,,,3,,,,,,evaluation,,,,,v5_acceptance_final,v5.1,,,,T5,2026-09-06T12:31:35.632974+00:00,20260907,0.625,
,,,,,,,,,,,,diagnostics,,,,,v5_acceptance_final,v5.1,3974,,4,T5,2026-09-06T12:31:58.909753+00:00,20260907,23.281999999890104,
,16,,,,,,,,,,,collect_train,,,,,v5_acceptance_final,v5.1,850,,4,T6,2026-09-06T12:31:04.574767+00:00,20260907,6.218000000109896,
,12,,,,,,,,,,,collect_validation,,,,,v5_acceptance_final,v5.1,681,,3,T6,2026-09-06T12:31:04.579881+00:00,20260907,6.062999999849126,
,,,,,,,2,,,,4,train_bce,,,,,v5_acceptance_final,v5.1,,,4,T6,2026-09-06T12:31:06.412398+00:00,20260907,0.6410000000614673,
,,,,,,,2,,,,4,train_adv,,,,,v5_acceptance_final,v5.1,,,4,T6,2026-09-06T12:31:06.659468+00:00,20260907,0.21899999980814755,
,,final_epoch,,,,3,,,,t6_adv_gate_0p0,,evaluation,context,,,,v5_acceptance_final,v5.1,,validation,,T6,2026-09-06T12:31:08.034388+00:00,20260907,1.375,
,,final_epoch,,,,3,,,,t6_adv_gate_0p005,,evaluation,context,,,,v5_acceptance_final,v5.1,,validation,,T6,2026-09-06T12:31:09.481195+00:00,20260907,1.452999999979511,
,,final_epoch,,,,3,,,,t6_adv_gate_0p01,,evaluation,context,,,,v5_acceptance_final,v5.1,,validation,,T6,2026-09-06T12:31:10.717887+00:00,20260907,1.2339999999385327,
,,final_epoch,,,,3,,,,t6_adv_gate_0p02,,evaluation,context,,,,v5_acceptance_final,v5.1,,validation,,T6,2026-09-06T12:31:12.082283+00:00,20260907,1.3600000001024455,
,,,,,,12,,,,,,gate_validation,,,,,v5_acceptance_final,v5.1,,,,T6,2026-09-06T12:31:12.083281+00:00,20260907,5.422000000020489,
,,final_epoch,,,,3,,,,t6_bce,,evaluation,context,,,,v5_acceptance_final,v5.1,,test,,T6,2026-09-06T12:31:13.581004+00:00,20260907,1.5,
,,,,,,3,,,,,,evaluation_t6_bce,,,,,v5_acceptance_final,v5.1,,,,T6,2026-09-06T12:31:13.583005+00:00,20260907,1.5,
,,,,,,,,,,,,diagnostics_t6_bce,,,,,v5_acceptance_final,v5.1,2656,,3,T6,2026-09-06T12:31:36.423891+00:00,20260907,22.843000000109896,
,,final_epoch,,,,3,,,,t6_adv,,evaluation,context,,,,v5_acceptance_final,v5.1,,test,,T6,2026-09-06T12:31:37.694408+00:00,20260907,1.2659999998286366,
,,,,,,3,,,,,,evaluation_t6_adv,,,,,v5_acceptance_final,v5.1,,,,T6,2026-09-06T12:31:37.695408+00:00,20260907,1.2659999998286366,
,,,,,,,,,,,,diagnostics_t6_adv,,,,,v5_acceptance_final,v5.1,3461,,4,T6,2026-09-06T12:31:58.394898+00:00,20260907,20.70299999997951,
,,final_epoch,,,,3,,,,t6_adv_gated,,evaluation,context,,,,v5_acceptance_final,v5.1,,test,,T6,2026-09-06T12:31:59.446917+00:00,20260907,1.047000000020489,
,,,,,,3,,,,,,evaluation_t6_adv_gated,,,,,v5_acceptance_final,v5.1,,,,T6,2026-09-06T12:31:59.448913+00:00,20260907,1.047000000020489,
,,,,,,,,,,,,diagnostics_t6_adv_gated,,,,,v5_acceptance_final,v5.1,2554,,3,T6,2026-09-06T12:32:14.719303+00:00,20260907,15.280999999959022,
